,p61,p62,p60,p63,p64,p65,p67
2050-01-16 00:00:00,0.2692156591020237,0.2692156591020237,0.2692156591020237,0.2692156591020237,0.2692156591020237,0.2692156591020237,0.2692156591020237
2050-01-16 01:00:00,0.2692156591020237,0.2692156591020237,0.2692156591020237,0.2692156591020237,0.2692156591020237,0.2692156591020237,0.2692156591020237
2050-01-16 02:00:00,0.2692156591020237,0.2692156591020237,0.2692156591020237,0.2692156591020237,0.2692156591020237,0.2692156591020237,0.2692156591020237
2050-01-16 03:00:00,0.2692156591020237,0.2692156591020237,0.2692156591020237,0.2692156591020237,0.2692156591020237,0.2692156591020237,0.2692156591020237
2050-01-16 04:00:00,0.2692156591020237,0.2692156591020237,0.2692156591020237,0.2692156591020237,0.2692156591020237,0.2692156591020237,0.2692156591020237
2050-01-16 05:00:00,0.2692156591020237,0.2692156591020237,0.2692156591020237,0.2692156591020237,0.26921565910202366,0.26921565910202366,0.26921565910202366
2050-01-16 06:00:00,0.2692156591020237,0.2692156591020237,0.2692156591020237,0.2692156591020237,0.2692156591020237,0.2692156591020237,0.2692156591020237
2050-01-16 07:00:00,0.2692156591020237,0.2692156591020237,0.2692156591020237,0.2692156591020237,0.2692156591020237,0.2692156591020237,0.2692156591020237
2050-01-16 08:00:00,0.2692156591020237,0.2692156591020237,0.2692156591020237,0.2692156591020237,0.2692156591020237,0.2692156591020237,0.2692156591020237
2050-01-16 09:00:00,0.2692156591020237,0.2692156591020237,0.2692156591020237,0.2692156591020237,0.2692156591020237,0.26921565910202366,0.2692156591020237
2050-01-16 10:00:00,0.2692156591020237,0.2692156591020237,0.2692156591020237,0.2692156591020237,0.2692156591020237,0.2692156591020237,0.2692156591020237
2050-01-16 11:00:00,0.2692156591020237,0.2692156591020237,0.2692156591020237,0.2692156591020237,0.26921565910202366,0.26921565910202366,0.2692156591020237
2050-01-16 12:00:00,0.22883331023672018,0.22883331023672018,0.22883331023672018,0.2692156591020237,0.2692156591020237,0.2692156591020237,0.2692156591020237
2050-01-16 13:00:00,0.22883331023672018,0.22883331023672018,0.22883331023672018,0.2692156591020237,0.2692156591020237,0.2692156591020237,0.2692156591020237
2050-01-16 14:00:00,0.22883331023672018,0.22883331023672018,0.22883331023672018,0.2692156591020237,0.2692156591020237,0.2692156591020237,0.2692156591020237
2050-01-16 15:00:00,0.22883331023672018,0.22883331023672018,0.22883331023672018,0.2692156591020237,0.26921565910202366,0.26921565910202366,0.26921565910202366
2050-01-16 16:00:00,0.22883331023672018,0.22883331023672018,0.22883331023672018,0.2692156591020237,0.2692156591020237,0.2692156591020237,0.2692156591020237
2050-01-16 17:00:00,0.22883331023672018,0.22883331023672018,0.22883331023672018,0.2692156591020237,0.2692156591020237,0.2692156591020237,0.2692156591020237
2050-01-16 18:00:00,0.2692156591020237,0.2692156591020237,0.2692156591020237,0.2692156591020237,0.2692156591020237,0.2692156591020237,0.2692156591020237
2050-01-16 19:00:00,0.2692156591020237,0.2692156591020237,0.2692156591020237,0.2692156591020237,0.2692156591020237,0.2692156591020237,0.2692156591020237
2050-01-16 20:00:00,0.2692156591020237,0.2692156591020237,0.2692156591020237,0.2692156591020237,0.2692156591020237,0.2692156591020237,0.2692156591020237
2050-01-16 21:00:00,0.2692156591020237,0.2692156591020237,0.2692156591020237,0.2692156591020237,0.2692156591020237,0.2692156591020237,0.2692156591020237
2050-01-16 22:00:00,0.2692156591020237,0.2692156591020237,0.2692156591020237,0.2692156591020237,0.2692156591020237,0.2692156591020237,0.2692156591020237
2050-01-16 23:00:00,0.2692156591020237,0.2692156591020237,0.2692156591020237,0.2692156591020237,0.2692156591020237,0.2692156591020237,0.2692156591020237
2050-01-17 00:00:00,0.2692156591020237,0.2692156591020237,0.2692156591020237,0.2692156591020237,0.2692156591020237,0.2692156591020237,0.2692156591020237
2050-01-17 01:00:00,0.2692156591020237,0.2692156591020237,0.2692156591020237,0.2692156591020237,0.2692156591020237,0.2692156591020237,0.2692156591020237
2050-01-17 02:00:00,0.2692156591020237,0.2692156591020237,0.2692156591020237,0.2692156591020237,0.2692156591020237,0.26921565910202366,0.2692156591020237
2050-01-17 03:00:00,0.2692156591020237,0.2692156591020237,0.2692156591020237,0.2692156591020237,0.26921565910202366,0.26921565910202366,0.26921565910202366
2050-01-17 04:00:00,0.2692156591020237,0.2692156591020237,0.2692156591020237,0.2692156591020237,0.2692156591020237,0.2692156591020237,0.2692156591020237
2050-01-17 05:00:00,0.2692156591020237,0.2692156591020237,0.2692156591020237,0.2692156591020237,0.2692156591020237,0.2692156591020237,0.2692156591020237
2050-01-17 06:00:00,0.2692156591020237,0.2692156591020237,0.2692156591020237,0.2692156591020237,0.2692156591020237,0.2692156591020237,0.2692156591020237
2050-01-17 07:00:00,0.2692156591020237,0.2692156591020237,0.2692156591020237,0.2692156591020237,0.2692156591020237,0.2692156591020237,0.2692156591020237
2050-01-17 08:00:00,0.2692156591020237,0.2692156591020237,0.2692156591020237,0.2692156591020237,0.2692156591020237,0.2692156591020237,0.2692156591020237
2050-01-17 09:00:00,0.26921565910202366,0.26921565910202366,0.26921565910202366,0.26921565910202366,0.26921565910202366,0.26921565910202366,0.26921565910202366
2050-01-17 10:00:00,0.2692156591020237,0.2692156591020237,0.2692156591020237,0.2692156591020237,0.2692156591020237,0.26921565910202366,0.2692156591020237
2050-01-17 11:00:00,0.2692156591020237,0.2692156591020237,0.2692156591020237,0.2692156591020237,0.2692156591020237,0.22883331023672018,0.2692156591020237
2050-01-17 12:00:00,0.2692156591020237,0.2692156591020237,0.2692156591020237,0.2692156591020237,0.2692156591020237,0.22883331023672018,0.2692156591020237
2050-01-17 13:00:00,0.2692156591020237,0.2692156591020237,0.2692156591020237,0.2692156591020237,0.2692156591020237,0.22883331023672018,0.2692156591020237
2050-01-17 14:00:00,0.2692156591020237,0.2692156591020237,0.2692156591020237,0.2692156591020237,0.2692156591020237,0.22883331023672018,0.2692156591020237
2050-01-17 15:00:00,0.2692156591020237,0.2692156591020237,0.2692156591020237,0.2692156591020237,0.2692156591020237,0.22883331023672018,0.2692156591020237
2050-01-17 16:00:00,0.2692156591020237,0.2692156591020237,0.2692156591020237,0.2692156591020237,0.2692156591020237,0.26921565910202366,0.2692156591020237
2050-01-17 17:00:00,0.2692156591020237,0.2692156591020237,0.2692156591020237,0.2692156591020237,0.2692156591020237,0.2692156591020237,0.2692156591020237
2050-01-17 18:00:00,0.2692156591020237,0.2692156591020237,0.2692156591020237,0.2692156591020237,0.2692156591020237,0.2692156591020237,0.2692156591020237
2050-01-17 19:00:00,0.2692156591020237,0.2692156591020237,0.2692156591020237,0.2692156591020237,0.2692156591020237,0.2692156591020237,0.2692156591020237
2050-01-17 20:00:00,0.2692156591020237,0.2692156591020237,0.2692156591020237,0.2692156591020237,0.2692156591020237,0.2692156591020237,0.2692156591020237
2050-01-17 21:00:00,0.2692156591020237,0.2692156591020237,0.2692156591020237,0.2692156591020237,0.2692156591020237,0.2692156591020237,0.2692156591020237
2050-01-17 22:00:00,0.2692156591020237,0.2692156591020237,0.2692156591020237,0.2692156591020237,0.2692156591020237,0.2692156591020237,0.2692156591020237
2050-01-17 23:00:00,0.2692156591020237,0.2692156591020237,0.2692156591020237,0.2692156591020237,0.2692156591020237,0.2692156591020237,0.2692156591020237
2050-05-07 00:00:00,0.2716410254002401,0.2716410254002401,0.2716410254002401,0.2716410254002401,0.2716410254002401,0.2716410254002401,0.2716410254002401
2050-05-07 01:00:00,0.27164102540024015,0.27164102540024015,0.27164102540024015,0.2716410254002401,0.27164102540024015,0.27164102540024015,0.27164102540024015
2050-05-07 02:00:00,0.2716410254002401,0.2716410254002401,0.2716410254002401,0.2716410254002401,0.2716410254002401,0.2716410254002401,0.2716410254002401
2050-05-07 03:00:00,0.2716410254002401,0.2716410254002401,0.2716410254002401,0.2716410254002401,0.2716410254002401,0.2716410254002401,0.2716410254002401
2050-05-07 04:00:00,0.2716410254002401,0.2716410254002401,0.2716410254002401,0.2716410254002401,0.2716410254002401,0.2716410254002401,0.2716410254002401
2050-05-07 05:00:00,0.2716410254002401,0.2716410254002401,0.2716410254002401,0.2716410254002401,0.27164102540024015,0.27164102540024015,0.27164102540024015
2050-05-07 06:00:00,0.2716410254002401,0.2716410254002401,0.2716410254002401,0.2716410254002401,0.2716410254002401,0.2716410254002401,0.2716410254002401
2050-05-07 07:00:00,0.2716410254002401,0.2716410254002401,0.2716410254002401,0.2716410254002401,0.2716410254002401,0.2716410254002401,0.2716410254002401
2050-05-07 08:00:00,0.2716410254002401,0.2716410254002401,0.2716410254002401,0.2716410254002401,0.2716410254002401,0.2716410254002401,0.2716410254002401
2050-05-07 09:00:00,0.27164102540024015,0.27164102540024015,0.27164102540024015,0.27164102540024015,0.27164102540024015,0.27164102540024015,0.27164102540024015
2050-05-07 10:00:00,0.2716410254002401,0.2716410254002401,0.2716410254002401,0.2716410254002401,0.2716410254002401,0.2716410254002401,0.2716410254002401
2050-05-07 11:00:00,0.27164102540024015,0.27164102540024015,0.27164102540024015,0.27164102540024015,0.27164102540024015,0.27164102540024015,0.27164102540024015
2050-05-07 12:00:00,0.2716410254002401,0.2716410254002401,0.2716410254002401,0.2716410254002401,0.2716410254002401,0.2716410254002401,0.2716410254002401
2050-05-07 13:00:00,0.2716410254002401,0.2716410254002401,0.2716410254002401,0.2716410254002401,0.2716410254002401,0.2716410254002401,0.2716410254002401
2050-05-07 14:00:00,0.2716410254002401,0.2716410254002401,0.2716410254002401,0.2716410254002401,0.2716410254002401,0.2716410254002401,0.2716410254002401
2050-05-07 15:00:00,0.2716410254002401,0.2716410254002401,0.2716410254002401,0.2716410254002401,0.2716410254002401,0.2716410254002401,0.2716410254002401
2050-05-07 16:00:00,0.2716410254002401,0.2716410254002401,0.2716410254002401,0.2716410254002401,0.2716410254002401,0.2716410254002401,0.2716410254002401
2050-05-07 17:00:00,0.27164102540024015,0.27164102540024015,0.27164102540024015,0.27164102540024015,0.27164102540024015,0.2716410254002401,0.27164102540024015
2050-05-07 18:00:00,0.27164102540024015,0.27164102540024015,0.27164102540024015,0.2716410254002401,0.2716410254002401,0.2716410254002401,0.2716410254002401
2050-05-07 19:00:00,0.2716410254002401,0.2716410254002401,0.2716410254002401,0.2716410254002401,0.2716410254002401,0.2716410254002401,0.2716410254002401
2050-05-07 20:00:00,0.2716410254002401,0.2716410254002443,0.2716410254002401,0.2716410254002401,0.2716410254002401,0.2716410254002401,0.2716410254002401
2050-05-07 21:00:00,0.2716410254002401,0.2716410254002401,0.2716410254002401,0.2716410254002401,0.2716410254002401,0.2716410254002401,0.27164102540024015
2050-05-07 22:00:00,0.2716410254002401,0.2716410254002401,0.2716410254002401,0.2716410254002401,0.2716410254002401,0.2716410254002401,0.27164102540024015
2050-05-07 23:00:00,0.2716410254002401,0.2716410254002401,0.2716410254002401,0.2716410254002401,0.2716410254002401,0.2716410254002401,0.2716410254002401
2050-05-08 00:00:00,0.2716410254002401,0.2716410254002401,0.2716410254002401,0.2716410254002401,0.2716410254002401,0.2716410254002401,0.2716410254002401
2050-05-08 01:00:00,0.2716410254002401,0.2716410254002401,0.2716410254002401,0.2716410254002401,0.2716410254002401,0.2716410254002401,0.2716410254003544
2050-05-08 02:00:00,0.2716410254002401,0.2716410254002401,0.2716410254002401,0.2716410254002401,0.2716410254002401,0.2716410254002401,0.2716410254002401
2050-05-08 03:00:00,0.27164102540024015,0.27164102540024015,0.27164102540024015,0.27164102540024015,0.27164102540024015,0.27164102540024015,0.27164102540024015
2050-05-08 04:00:00,0.2716410254002401,0.2716410254002401,0.2716410254002401,0.2716410254002401,0.2716410254002401,0.2716410254002401,0.2716410254002401
2050-05-08 05:00:00,0.2716410254002401,0.2716410254002401,0.2716410254002401,0.2716410254002401,0.2716410254002401,0.2716410254002401,0.2716410254002401
2050-05-08 06:00:00,0.2716410254002401,0.2716410254002401,0.2716410254002401,0.2716410254002401,0.2716410254002401,0.2716410254002401,0.2716410254002401
2050-05-08 07:00:00,0.2716410254002401,0.2716410254002401,0.2716410254002401,0.2716410254002401,0.2716410254002401,0.2716410254002401,0.27164102540024015
2050-05-08 08:00:00,0.2716410254002401,0.2716410254002401,0.2716410254002401,0.2716410254002401,0.2716410254002401,0.2716410254002401,0.2716410254002401
2050-05-08 09:00:00,0.2716410254002401,0.2716410254002401,0.2716410254002401,0.2716410254002401,0.2716410254002401,0.2716410254002401,0.2716410254002401
2050-05-08 10:00:00,0.2716410254002399,0.2716410254002399,0.2716410254002399,0.2716410254002399,0.2716410254002399,0.2716410254002399,0.2716410254002399
2050-05-08 11:00:00,0.5543694395923269,0.5543694395923269,0.5543694395923269,0.5543694395923269,0.5543694395923269,0.5543694395923269,0.5543694395923269
2050-05-08 12:00:00,0.5543694395923269,0.5543694395923269,0.5543694395923269,0.5543694395923268,0.5543694395923269,0.5543694395923269,0.5543694395923269
2050-05-08 13:00:00,0.5543694395923269,0.5543694395923269,0.5543694395923269,0.5543694395923269,0.5543694395923269,0.5543694395923269,0.5543694395923269
2050-05-08 14:00:00,0.5543694395923269,0.5543694395923269,0.5543694395923269,0.5543694395923269,0.5543694395923269,0.5543694395923269,0.5543694395923269
2050-05-08 15:00:00,0.5543694395923269,0.5543694395923269,0.5543694395923269,0.5543694395923269,0.5543694395923269,0.5543694395923269,0.5543694395923269
2050-05-08 16:00:00,0.5543694395923269,0.5543694395923269,0.5543694395923269,0.5543694395923269,0.5543694395923269,0.5543694395923269,0.5543694395923269
2050-05-08 17:00:00,0.5543694395923269,0.5543694395923269,0.5543694395923269,0.5543694395923269,0.5543694395923269,0.5543694395923269,0.5543694395923269
2050-05-08 18:00:00,0.5543694395923269,0.5543694395923269,0.5543694395923269,0.5543694395923269,0.5543694395923269,0.5543694395923269,0.5543694395923269
2050-05-08 19:00:00,0.5543694395923269,0.5543694395923269,0.5543694395923269,0.5543694395923269,0.5543694395923269,0.5543694395923269,0.5543694395923269
2050-05-08 20:00:00,0.2716410254002401,0.2716410254002401,0.2716410254002401,0.2716410254002401,0.2716410254002401,0.2716410254002401,0.2716410254002401
2050-05-08 21:00:00,0.2716410254002401,0.2716410254002401,0.2716410254002401,0.2716410254002401,0.2716410254002401,0.2716410254002401,0.2716410254002401
2050-05-08 22:00:00,0.2716410254002401,0.2716410254002401,0.2716410254002401,0.2716410254002401,0.2716410254002401,0.2716410254002401,0.2716410254002401
2050-05-08 23:00:00,0.2716410254002401,0.2716410254002401,0.2716410254002401,0.2716410254002401,0.2716410254002401,0.2716410254002401,0.2716410254002401
2050-06-26 00:00:00,0.026334998888727004,0.026334998888727004,0.026334998888727004,0.009899454278434408,0.009899454278434408,0.009899454278434408,0.009899454278434408
2050-06-26 01:00:00,0.026334998888727004,0.026334998888727004,0.026334998888727004,0.009899454278434408,0.009899454278434408,0.009899454278434408,0.009899454278434408
2050-06-26 02:00:00,0.026334998888727004,0.026334998888727004,0.026334998888727004,0.009899454278434408,0.009899454278434408,0.009899454278434408,0.009899454278434408
2050-06-26 03:00:00,0.026334998888727004,0.026334998888727004,0.026334998888727004,0.009899454278434408,0.009899454278434408,0.009899454278434408,0.009899454278434408
2050-06-26 04:00:00,0.026334998888727004,0.026334998888727004,0.026334998888727004,0.009899454278434408,0.009899454278434408,0.009899454278434408,0.00989945427843441
2050-06-26 05:00:00,0.026334998888727004,0.026334998888727004,0.026334998888727004,0.009899454278434408,0.009899454278434408,0.009899454278434408,0.009899454278434408
2050-06-26 06:00:00,0.026334998888727004,0.026334998888727004,0.026334998888727004,0.009899454278434408,0.009899454278434408,0.009899454278434408,0.009899454278434408
2050-06-26 07:00:00,0.026334998888727004,0.026334998888727004,0.026334998888727004,0.009899454278434408,0.009899454278434408,0.009899454278434408,0.009899454278434408
2050-06-26 08:00:00,0.026334998888727004,0.026334998888727004,0.026334998888727004,0.009899454278434408,0.009899454278434408,0.009899454278434408,0.009899454278434408
2050-06-26 09:00:00,0.026334998888727004,0.026334998888727004,0.026334998888727004,0.009899454278434408,0.009899454278434408,0.009899454278434408,0.009899454278434408
2050-06-26 10:00:00,0.026334998888727004,0.026334998888727004,0.026334998888727004,0.009899454278434408,0.009899454278434408,0.009899454278434408,0.009899454278434408
2050-06-26 11:00:00,1.403057980302206,1.403057980302206,1.403057980302206,1.403057980302206,1.403057980302206,1.403057980302206,1.403057980302206
2050-06-26 12:00:00,1.7291436433801297,1.7291436433801297,1.7291436433801297,1.7291436433801297,1.7291436433801297,1.7291436433801297,1.7291436433801297
2050-06-26 13:00:00,1.7291436433801297,1.7291436433801297,1.7291436433801297,1.7291436433801297,1.7291436433801297,1.7291436433801297,1.7291436433801297
2050-06-26 14:00:00,1.7291436433801297,1.7291436433801297,1.7291436433801297,1.7291436433801297,1.7291436433801297,1.7291436433801297,1.7291436433801297
2050-06-26 15:00:00,1.7291436433801297,1.7291436433801297,1.7291436433801297,1.7291436433801297,1.7291436433801297,1.7291436433801297,1.7291436433801297
2050-06-26 16:00:00,1.7291436433801297,1.7291436433801297,1.7291436433801297,1.7291436433801297,1.7291436433801297,1.7291436433801297,1.7291436433801297
2050-06-26 17:00:00,1.7291436433801297,1.7291436433801297,1.7291436433801297,1.7291436433801297,1.7291436433801297,1.7291436433801297,1.7291436433801297
2050-06-26 18:00:00,1.7291436433801297,1.7291436433801297,1.7291436433801297,1.7291436433801297,1.7291436433801297,1.7291436433801297,1.7291436433801297
2050-06-26 19:00:00,0.00989945427843441,0.00989945427843441,0.00989945427843441,0.00989945427843441,0.00989945427843441,0.00989945427843441,0.00989945427843441
2050-06-26 20:00:00,0.009899454278434408,0.009899454278434408,0.009899454278434408,0.009899454278434408,0.009899454278434408,0.009899454278434408,0.00989945427843441
2050-06-26 21:00:00,0.009899454278434408,0.009899454278434408,0.009899454278434408,0.009899454278434408,0.009899454278434408,0.009899454278434408,0.009899454278434408
2050-06-26 22:00:00,0.009899454278434408,0.009899454278434408,0.009899454278434408,0.009899454278434408,0.009899454278434408,0.009899454278434408,0.009899454278434408
2050-06-26 23:00:00,0.009899454278434408,0.009899454278434408,0.009899454278434408,0.009899454278434408,0.009899454278434408,0.009899454278434408,0.009899454278434408
2050-06-27 00:00:00,0.009899454278434408,0.009899454278434408,0.009899454278434408,0.009899454278434408,0.009899454278434408,0.009899454278434408,0.009899454278434408
2050-06-27 01:00:00,0.00989945427843441,0.00989945427843441,0.00989945427843441,0.00989945427843441,0.00989945427843441,0.00989945427843441,0.00989945427843441
2050-06-27 02:00:00,0.009899454278434408,0.009899454278434408,0.009899454278434408,0.009899454278434408,0.009899454278434408,0.009899454278434408,0.009899454278434408
2050-06-27 03:00:00,0.009899454278434408,0.009899454278434408,0.009899454278434408,0.009899454278434408,0.009899454278434408,0.009899454278434408,0.009899454278434408
2050-06-27 04:00:00,0.009899454278434408,0.009899454278434408,0.009899454278434408,0.009899454278434408,0.009899454278434408,0.00989945427843441,0.00989945427843441
2050-06-27 05:00:00,0.009899454278434408,0.009899454278434408,0.009899454278434408,0.009899454278434408,0.009899454278434408,0.009899454278434408,0.009899454278434408
2050-06-27 06:00:00,0.009899454278434408,0.009899454278434408,0.009899454278434408,0.009899454278434408,0.009899454278434408,0.00989945427843441,0.00989945427843441
2050-06-27 07:00:00,0.009899454278434408,0.009899454278434408,0.009899454278434408,0.009899454278434408,0.009899454278434408,0.009899454278434408,0.00989945427843441
2050-06-27 08:00:00,0.009899454278434408,0.009899454278434408,0.009899454278434408,0.009899454278434408,0.009899454278434408,0.009899454278434408,0.009899454278434408
2050-06-27 09:00:00,0.009899454278434408,0.009899454278434408,0.009899454278434408,0.009899454278434408,0.009899454278434408,0.009899454278434408,0.009899454278434408
2050-06-27 10:00:00,0.00989945427843441,0.00989945427843441,0.00989945427843441,0.00989945427843441,0.00989945427843441,0.00989945427843441,0.00989945427843441
2050-06-27 11:00:00,0.011646416798158124,0.011646416798158124,0.011646416798158124,0.011646416798158124,0.011646416798158124,0.011646416798158124,0.011646416798158124
2050-06-27 12:00:00,0.011646416798158124,0.011646416798158124,0.011646416798158124,0.011646416798158124,0.011646416798158124,0.011646416798158124,0.011646416798158124
2050-06-27 13:00:00,0.011646416798158124,0.011646416798158124,0.011646416798158124,0.011646416798158124,0.011646416798158124,0.011646416798158124,0.011646416798158124
2050-06-27 14:00:00,0.011646416798158124,0.011646416798158124,0.011646416798158124,0.011646416798158124,0.011646416798158124,0.011646416798158124,0.011646416798158124
2050-06-27 15:00:00,0.011646416798158124,0.011646416798158124,0.011646416798158124,0.011646416798158124,0.011646416798158124,0.011646416798158124,0.011646416798158124
2050-06-27 16:00:00,0.011646416798158124,0.011646416798158124,0.011646416798158124,0.011646416798158124,0.011646416798158124,0.011646416798158124,0.011646416798158124
2050-06-27 17:00:00,0.011646416798158124,0.011646416798158124,0.011646416798158124,0.011646416798158124,0.011646416798158124,0.011646416798158124,0.011646416798158124
2050-06-27 18:00:00,0.00989945427843441,0.00989945427843441,0.00989945427843441,0.00989945427843441,0.00989945427843441,0.009899454278434408,0.00989945427843441
2050-06-27 19:00:00,0.009899454278434408,0.009899454278434408,0.009899454278434408,0.009899454278434408,0.009899454278434408,0.009899454278434408,0.00989945427843441
2050-06-27 20:00:00,0.00989945427843441,0.00989945427843441,0.00989945427843441,0.00989945427843441,0.00989945427843441,0.009899454278434408,0.00989945427843441
2050-06-27 21:00:00,0.009899454278434408,0.009899454278434408,0.009899454278434408,0.009899454278434408,0.009899454278434408,0.009899454278434408,0.00989945427843441
2050-06-27 22:00:00,0.009899454278434408,0.009899454278434408,0.009899454278434408,0.009899454278434408,0.009899454278434408,0.009899454278434408,0.009899454278434408
2050-06-27 23:00:00,0.009899454278434408,0.009899454278434408,0.009899454278434408,0.009899454278434408,0.009899454278434408,0.009899454278434408,0.009899454278434408
2050-06-28 00:00:00,0.009899454278434408,0.009899454278434408,0.009899454278434408,0.009899454278434408,0.009899454278434408,0.009899454278434408,0.009899454278434408
2050-06-28 01:00:00,0.009899454278434408,0.009899454278434408,0.009899454278434408,0.009899454278434408,0.009899454278434408,0.009899454278434408,0.00989945427843441
2050-06-28 02:00:00,0.009899454278434408,0.009899454278434408,0.009899454278434408,0.009899454278434408,0.009899454278434408,0.009899454278434408,0.009899454278434408
2050-06-28 03:00:00,0.009899454278434408,0.009899454278434408,0.009899454278434408,0.009899454278434408,0.009899454278434408,0.009899454278434408,0.009899454278434408
2050-06-28 04:00:00,0.009899454278434408,0.009899454278434408,0.009899454278434408,0.009899454278434408,0.009899454278434408,0.009899454278434408,0.009899454278434408
2050-06-28 05:00:00,0.009899454278434408,0.009899454278434408,0.009899454278434408,0.009899454278434408,0.009899454278434408,0.009899454278434408,0.009899454278434408
2050-06-28 06:00:00,0.009899454278434408,0.009899454278434408,0.009899454278434408,0.009899454278434408,0.009899454278434408,0.009899454278434408,0.009899454278434408
2050-06-28 07:00:00,0.009899454278434408,0.009899454278434408,0.009899454278434408,0.009899454278434408,0.009899454278434408,0.009899454278434408,0.00989945427843441
2050-06-28 08:00:00,0.009899454278434408,0.009899454278434408,0.009899454278434408,0.009899454278434408,0.009899454278434408,0.009899454278434408,0.009899454278548478
2050-06-28 09:00:00,0.009899454278434408,0.009899454278434408,0.009899454278434408,0.009899454278434408,0.009899454278434408,0.009899454278434408,0.009899454278434408
2050-06-28 10:00:00,0.009899454278434408,0.009899454278434408,0.009899454278434408,0.009899454278434408,0.009899454278434408,0.009899454278434408,0.009899454278434408
2050-06-28 11:00:00,0.011646416798158124,0.011646416798158124,0.011646416798158124,0.011646416798158124,0.011646416798158124,0.011646416798158124,0.011646416798158124
2050-06-28 12:00:00,0.011646416798158124,0.011646416798158124,0.011646416798158124,0.011646416798158124,0.011646416798158124,0.011646416798158124,0.011646416798158124
2050-06-28 13:00:00,0.011646416798158124,0.011646416798158124,0.011646416798158124,0.011646416798158124,0.011646416798158124,0.011646416798158124,0.011646416798158124
2050-06-28 14:00:00,0.011646416798158124,0.011646416798158124,0.011646416798158124,0.011646416798158124,0.011646416798158124,0.011646416798158124,0.011646416798158124
2050-06-28 15:00:00,0.011646416798158124,0.011646416798158124,0.011646416798158124,0.011646416798158124,0.011646416798158124,0.011646416798158124,0.011646416798158124
2050-06-28 16:00:00,0.011646416798158124,0.011646416798158124,0.011646416798158124,0.011646416798158124,0.011646416798158124,0.011646416798158124,0.011646416798158124
2050-06-28 17:00:00,0.011646416798158124,0.011646416798158124,0.011646416798158124,0.011646416798158124,0.011646416798158124,0.011646416798158124,0.011646416798158124
2050-06-28 18:00:00,0.009899454278434408,0.009899454278434408,0.009899454278434408,0.009899454278434408,0.00989945427843441,0.00989945427843441,0.00989945427843441
2050-06-28 19:00:00,0.009899454278434408,0.009899454278434408,0.009899454278434408,0.009899454278434408,0.009899454278434408,0.00485073259643286,0.00989945427843441
2050-06-28 20:00:00,0.009899454278434408,0.009899454278434408,0.009899454278434408,0.009899454278434408,0.009899454278434408,0.004123122706967931,0.00989945427843441
2050-06-28 21:00:00,0.00989945427843441,0.00989945427843441,0.00989945427843441,0.00989945427843441,0.00989945427843441,0.004123122706967931,0.00989945427843441
2050-06-28 22:00:00,0.00485073259643286,0.00485073259643286,0.00485073259643286,0.00485073259643286,0.00485073259643286,0.004123122706967931,0.00485073259643286
2050-06-28 23:00:00,0.00485073259643286,0.00485073259643286,0.00485073259643286,0.00485073259643286,0.00485073259643286,0.00485073259643286,0.00485073259643286
2050-08-01 00:00:00,0.010159538879785865,0.010159538879785865,0.010159538879785865,0.009899454278434408,0.009899454278434408,0.009899454278434408,0.009899454278434408
2050-08-01 01:00:00,0.010159538879785865,0.010159538879785865,0.010159538879785865,0.009899454278434408,0.009899454278434408,0.009899454278434408,0.009899454278434408
2050-08-01 02:00:00,0.010159538879785865,0.010159538879785865,0.010159538879785865,0.009899454278434408,0.009899454278434408,0.009899454278434408,0.009899454278434408
2050-08-01 03:00:00,0.010159538879785865,0.010159538879785865,0.010159538879785865,0.009899454278434408,0.009899454278434408,0.009899454278434408,0.009899454278434408
2050-08-01 04:00:00,0.010159538879785865,0.010159538879785865,0.010159538879785865,0.009899454278434408,0.009899454278434408,0.009899454278434408,0.009899454278434408
2050-08-01 05:00:00,0.010159538879785865,0.010159538879785865,0.010159538879785865,0.009899454278434408,0.009899454278434408,0.009899454278434408,0.009899454278434408
2050-08-01 06:00:00,0.010159538879785865,0.010159538879785865,0.010159538879785865,0.009899454278434408,0.009899454278434408,0.009899454278434408,0.009899454278434408
2050-08-01 07:00:00,0.010159538879785865,0.010159538879785865,0.010159538879785865,0.009899454278434408,0.009899454278434408,0.009899454278434408,0.009899454278434408
2050-08-01 08:00:00,0.010159538879785865,0.010159538879785865,0.010159538879785865,0.009899454278434408,0.009899454278434408,0.009899454278434408,0.009899454278434408
2050-08-01 09:00:00,0.010159538879785865,0.010159538879785865,0.010159538879785865,0.009899454278434408,0.009899454278434408,0.009899454278434408,0.009899454278434408
2050-08-01 10:00:00,0.010159538879785865,0.010159538879785865,0.010159538879785865,0.009899454278434408,0.009899454278434408,0.009899454278434408,0.009899454278434408
2050-08-01 11:00:00,0.011952398682101018,0.011952398682101018,0.011952398682101018,0.011646416798158124,0.011646416798158124,0.011646416798158124,0.011646416798158124
2050-08-01 12:00:00,0.011952398682101018,0.011952398682101018,0.011952398682101018,0.011646416798158124,0.011646416798158124,0.011646416798158124,0.011646416798158124
2050-08-01 13:00:00,0.011952398682101018,0.011952398682101018,0.011952398682101018,0.011646416798158124,0.011646416798158124,0.011646416798158124,0.011646416798158124
2050-08-01 14:00:00,0.011952398682101018,0.011952398682101018,0.011952398682101018,0.011646416798158124,0.011646416798158124,0.011646416798158124,0.011646416798158124
2050-08-01 15:00:00,0.011952398682101018,0.011952398682101018,0.011952398682101018,0.011952398682101018,0.011952398682101018,0.011646416798158124,0.011952398682101018
2050-08-01 16:00:00,0.011952398682101018,0.011952398682101018,0.011952398682101018,0.011952398682101018,0.011952398682101018,0.011646416798158124,0.011952398682101018
2050-08-01 17:00:00,0.011952398682101018,0.011952398682101018,0.011952398682101018,0.011646416798158124,0.011646416798158124,0.009899454278434408,0.011646416798158124
2050-08-01 18:00:00,0.011952398682101018,0.011952398682101018,0.011952398682101018,0.009899454278685394,0.009899454278434408,0.008414536136669247,0.00989945427843441
2050-08-01 19:00:00,0.011952398682101018,0.011952398682101018,0.011952398682101018,0.009899454278434408,0.009899454278434408,0.008414536136669247,0.00989945427843441
2050-08-01 20:00:00,0.010159538879785865,0.010159538879785865,0.010159538879785865,0.009899454278434408,0.009899454278434408,0.008414536136669247,0.00989945427843441
2050-08-01 21:00:00,0.010159538879785865,0.010159538879785865,0.010159538879785865,0.009899454278434408,0.009899454278434408,0.008414536136669247,0.009899454278434408
2050-08-01 22:00:00,0.010159538879785865,0.010159538879785865,0.010159538879785865,0.009899454278434408,0.009899454278434408,0.008414536136669247,0.009899454278434408
2050-08-01 23:00:00,0.010159538879785865,0.010159538879785865,0.010159538879785865,0.008414536136669247,0.008414536136669247,0.008414536136669247,0.008414536136669247
2050-08-02 00:00:00,0.010159538879785865,0.010159538879785865,0.010159538879785865,0.00867411553862274,0.00867411553862274,0.00867411553862274,0.00867411553862274
2050-08-02 01:00:00,0.010159538879785865,0.010159538879785865,0.010159538879785865,0.009899454278434408,0.009899454278434408,0.009899454278434408,0.009899454278434408
2050-08-02 02:00:00,0.010159538879785865,0.010159538879785865,0.010159538879785865,0.009899454278434408,0.009899454278434408,0.009899454278434408,0.009899454278434408
2050-08-02 03:00:00,0.010159538879785865,0.010159538879785865,0.010159538879785865,0.009899454278434408,0.009899454278434408,0.009899454278434408,0.00989945427843441
2050-08-02 04:00:00,0.010159538879785865,0.010159538879785865,0.010159538879785865,0.009899454278434408,0.009899454278434408,0.009899454278434408,0.00989945427843441
2050-08-02 05:00:00,0.010159538879785865,0.010159538879785865,0.010159538879785865,0.009899454278434408,0.009899454278434408,0.009899454278434408,0.009899454278434408
2050-08-02 06:00:00,0.010159538879785865,0.010159538879785865,0.010159538879785865,0.009899454278434408,0.009899454278434408,0.009899454278434408,0.009899454278434408
2050-08-02 07:00:00,0.010159538879785865,0.010159538879785865,0.010159538879785865,0.009899454278434408,0.009899454278434408,0.009899454278434408,0.009899454278434408
2050-08-02 08:00:00,0.010159538879785865,0.010159538879785865,0.010159538879785865,0.009899454278434408,0.009899454278434408,0.009899454278434408,0.009899454278434408
2050-08-02 09:00:00,0.011952398682101018,0.011952398682101018,0.011952398682101018,0.009899454278434408,0.009899454278434408,0.009899454278434408,0.009899454278434408
2050-08-02 10:00:00,0.011952398682101018,0.011952398682101018,0.011952398682101018,0.009899454278434408,0.009899454278434408,0.009899454278434408,0.009899454278434408
2050-08-02 11:00:00,0.011952398682101018,0.011952398682101018,0.011952398682101018,0.009899454278434408,0.009899454278434408,0.009899454278434408,0.009899454278434408
2050-08-02 12:00:00,0.011952398682101018,0.011952398682101018,0.011952398682101018,0.009899454278434408,0.009899454278434408,0.009899454278434408,0.009899454278434408
2050-08-02 13:00:00,0.011952398682101018,0.011952398682101018,0.011952398682101018,0.009899454278434408,0.009899454278434408,0.009899454278434408,0.009899454278434408
2050-08-02 14:00:00,0.011952398682101018,0.011952398682101018,0.011952398682101018,0.011952398682101018,0.011952398682101018,0.009899454278434408,0.011952398682101018
2050-08-02 15:00:00,0.011952398682101018,0.011952398682101018,0.011952398682101018,0.011952398682101018,0.011952398682101018,0.009899454278434408,0.011952398682101018
2050-08-02 16:00:00,0.011952398682101018,0.011952398682101018,0.011952398682101018,0.011952398682101018,0.011952398682101018,0.009899454278434408,0.011952398682101018
2050-08-02 17:00:00,0.011952398682101018,0.011952398682101018,0.011952398682101018,0.011646416798158948,0.011646416798158948,0.00485073259643286,0.011646416798158948
2050-08-02 18:00:00,0.011952398682101018,0.011952398682101018,0.011952398682101018,0.009899454278434408,0.009899454278434408,0.00485073259643286,0.00989945427843441
2050-08-02 19:00:00,0.011952398682101018,0.011952398682101018,0.011952398682101018,0.009899454278434408,0.009899454278434408,0.00485073259643286,0.00989945427843441
2050-08-02 20:00:00,0.00989945427843441,0.00989945427843441,0.00989945427843441,0.00989945427843441,0.00989945427843441,0.00485073259643286,0.00989945427843441
2050-08-02 21:00:00,0.009899454278434408,0.009899454278434408,0.009899454278434408,0.009899454278434408,0.009899454278434408,0.00485073259643286,0.009899454278434408
2050-08-02 22:00:00,0.009899454278434408,0.009899454278434408,0.009899454278434408,0.009899454278434408,0.009899454278434408,0.00485073259643286,0.009899454278434408
2050-08-02 23:00:00,0.008414536136669247,0.008414536136669247,0.008414536136669247,0.00485073259643286,0.00485073259643286,0.00485073259643286,0.00485073259643286
2050-08-03 00:00:00,0.008414536136669247,0.008414536136669247,0.008414536136669247,0.00485073259643286,0.00485073259643286,0.00485073259643286,0.00485073259643286
2050-08-03 01:00:00,0.008414536136669247,0.008414536136669247,0.008414536136669247,0.00485073259643286,0.00485073259643286,0.00485073259643286,0.00485073259643286
2050-08-03 02:00:00,0.008414536136669247,0.008414536136669247,0.008414536136669247,0.00485073259643286,0.00485073259643286,0.00485073259643286,0.00485073259643286
2050-08-03 03:00:00,0.008414536136669247,0.008414536136669247,0.008414536136669247,0.00485073259643286,0.00485073259643286,0.00485073259643286,0.00485073259643286
2050-08-03 04:00:00,0.008414536136669247,0.008414536136669247,0.008414536136669247,0.005706744231097482,0.005706744231097482,0.005706744231097482,0.005706744231097482
2050-08-03 05:00:00,0.008414536136669247,0.008414536136669247,0.008414536136669247,0.005706744231097482,0.005706744231097482,0.005706744231097482,0.005706744231097482
2050-08-03 06:00:00,0.008414536136669247,0.008414536136669247,0.008414536136669247,0.005706744231097482,0.005706744231097482,0.005706744231097482,0.005706744231097482
2050-08-03 07:00:00,0.008414536136669247,0.008414536136669247,0.008414536136669247,0.005706744231097482,0.005706744231097482,0.005706744231097482,0.005706744231097482
2050-08-03 08:00:00,0.008414536136669247,0.008414536136669247,0.008414536136669247,0.005706744231097482,0.005706744231097482,0.005706744231097482,0.005706744231097482
2050-08-03 09:00:00,0.009899454278434408,0.009899454278434408,0.009899454278434408,0.009899454278434408,0.009899454278434408,0.005706744231097482,0.009899454278434408
2050-08-03 10:00:00,0.009899454278434408,0.009899454278434408,0.009899454278434408,0.009899454278434408,0.009899454278434408,0.005706744231097482,0.00989945427843441
2050-08-03 11:00:00,0.009899454278434408,0.009899454278434408,0.009899454278434408,0.009899454278434408,0.009899454278434408,0.005706744231097482,0.00989945427843441
2050-08-03 12:00:00,0.009899454278434408,0.009899454278434408,0.009899454278434408,0.009899454278434408,0.009899454278434408,0.005706744231097482,0.009899454278434408
2050-08-03 13:00:00,0.009899454278434408,0.009899454278434408,0.009899454278434408,0.009899454278434408,0.009899454278434408,0.005706744231097482,0.009899454278434408
2050-08-03 14:00:00,0.009899454278434408,0.009899454278434408,0.009899454278434408,0.009899454278434408,0.009899454278434408,0.00485073259643286,0.009899454278434408
2050-08-03 15:00:00,0.009899454278434408,0.009899454278434408,0.009899454278434408,0.009899454278434408,0.009899454278434408,0.00485073259643286,0.009899454278434408
2050-08-03 16:00:00,0.009899454278434408,0.009899454278434408,0.009899454278434408,0.009899454278434408,0.009899454278434408,0.00485073259643286,0.009899454278434408
2050-08-03 17:00:00,0.009899454278434408,0.009899454278434408,0.009899454278434408,0.009899454278434408,0.009899454278434408,0.001229624593373875,0.009899454278434408
2050-08-03 18:00:00,0.009899454278434408,0.009899454278434408,0.009899454278434408,0.009899454278434408,0.009899454278434408,0.001229624593373875,0.009899454278434408
2050-08-03 19:00:00,0.009899454278434408,0.009899454278434408,0.009899454278434408,0.00989945427843441,0.00989945427843441,0.001229624593373875,0.00989945427843441
2050-08-03 20:00:00,0.009899454278434408,0.009899454278434408,0.009899454278434408,0.009899454278434408,0.009899454278434408,0.001229624593373875,0.00989945427843441
2050-08-03 21:00:00,0.009899454278434408,0.009899454278434408,0.009899454278434408,0.009899454278434408,0.009899454278434408,5e-324,0.00989945427843441
2050-08-03 22:00:00,0.00989945427843441,0.00989945427843441,0.00989945427843441,0.00989945427843441,0.00989945427843441,5e-324,0.00989945427843441
2050-08-03 23:00:00,0.00485073259643286,0.00485073259643286,0.00485073259643286,0.00485073259643286,0.00485073259643286,5e-324,0.00485073259643286
2050-08-27 00:00:00,0.6930284090314012,0.6930284090314012,0.6930284090314012,0.6900940038833284,0.6900940038833284,0.6900940038833284,0.6900940038833284
2050-08-27 01:00:00,0.6930284090314012,0.6930284090314012,0.6930284090314012,0.6930284090314012,0.6930284090314012,0.6930284090314012,0.6930284090314012
2050-08-27 02:00:00,0.6930284090314013,0.6930284090314013,0.6930284090314013,0.6930284090314013,0.6930284090314013,0.6930284090314013,0.6930284090314013
2050-08-27 03:00:00,0.6930284090314012,0.6930284090314012,0.6930284090314012,0.6930284090314012,0.6930284090314012,0.6930284090314012,0.6930284090314012
2050-08-27 04:00:00,0.6930284090314012,0.6930284090314012,0.6930284090314012,0.6930284090314012,0.6930284090314012,0.6930284090314012,0.6930284090314012
2050-08-27 05:00:00,0.6930284090314012,0.6930284090314012,0.6930284090314012,0.6930284090314012,0.6930284090314012,0.6930284090314012,0.6930284090314012
2050-08-27 06:00:00,0.6930284090314013,0.6930284090314013,0.6930284090314013,0.6930284090314013,0.6930284090314013,0.6930284090314013,0.6930284090314013
2050-08-27 07:00:00,0.6930284090314012,0.6930284090314012,0.6930284090314012,0.6930284090314012,0.6930284090314012,0.6930284090314012,0.6930284090314012
2050-08-27 08:00:00,0.6930284090314013,0.6930284090314013,0.6930284090314013,0.6930284090314013,0.6930284090314013,0.6930284090314013,0.6930284090314013
2050-08-27 09:00:00,0.6930284090314012,0.6930284090314012,0.6930284090314012,0.6930284090314012,0.6930284090314012,0.6930284090314012,0.6930284090314012
2050-08-27 10:00:00,0.6930284090314012,0.6930284090314012,0.6930284090314012,0.6930284090314012,0.6930284090314012,0.6930284090314012,0.6930284090314012
2050-08-27 11:00:00,0.6930284090314012,0.6930284090314012,0.6930284090314012,0.6930284090314012,0.6930284090314012,0.6930284090314013,0.6930284090314013
2050-08-27 12:00:00,0.6930284090314012,0.6930284090314012,0.6930284090314012,0.6930284090314012,0.6930284090314012,0.6930284090314012,0.6930284090314012
2050-08-27 13:00:00,0.6930284090314012,0.6930284090314012,0.6930284090314012,0.6930284090314012,0.6930284090314012,0.6930284090314012,0.6930284090314012
2050-08-27 14:00:00,0.6930284090314012,0.6930284090314012,0.6930284090314012,0.6930284090314012,0.6930284090314012,0.6930284090314012,0.6930284090314012
2050-08-27 15:00:00,0.6930284090314012,0.6930284090314012,0.6930284090314012,0.6930284090314012,0.6930284090314012,0.6930284090314012,0.6930284090314012
2050-08-27 16:00:00,0.6930284090314012,0.6930284090314012,0.6930284090314012,0.6930284090314012,0.6930284090314012,0.6930284090314012,0.6930284090314012
2050-08-27 17:00:00,0.6930284090314012,0.6930284090314012,0.6930284090314012,0.6930284090314012,0.6930284090314012,0.6930284090314012,0.6930284090314012
2050-08-27 18:00:00,0.6930284090314012,0.6930284090314012,0.6930284090314012,0.6930284090314012,0.6930284090314012,0.6930284090314012,0.6930284090314012
2050-08-27 19:00:00,0.6930284090314012,0.6930284090314012,0.6930284090314012,0.6930284090314012,0.6930284090314012,0.6930284090314012,0.6930284090314012
2050-08-27 20:00:00,0.6930284090314012,0.6930284090314012,0.6930284090314012,0.6930284090314012,0.6930284090314012,0.6930284090314012,0.6930284090314012
2050-08-27 21:00:00,0.6930284090314012,0.6930284090314012,0.6930284090314012,0.6930284090314012,0.6930284090314012,0.6930284090314012,0.6930284090314012
2050-08-27 22:00:00,0.6930284090314012,0.6930284090314012,0.6930284090314012,0.6930284090314012,0.6930284090314012,0.6930284090314012,0.6930284090314012
2050-08-27 23:00:00,0.6930284090314012,0.6930284090314012,0.6930284090314012,0.6930284090314012,0.6930284090314012,0.6930284090314012,0.6930284090314012
2050-08-28 00:00:00,0.6930284090314012,0.6930284090314012,0.6930284090314012,0.6930284090314012,0.6930284090314012,0.6930284090314012,0.6930284090314012
2050-08-28 01:00:00,0.6930284090314012,0.6930284090314012,0.6930284090314012,0.6930284090314012,0.6930284090314012,0.6930284090314012,0.6930284090314012
2050-08-28 02:00:00,0.6930284090314012,0.6930284090314012,0.6930284090314012,0.6930284090314012,0.6930284090314012,0.6930284090314012,0.6930284090314012
2050-08-28 03:00:00,0.6930284090314012,0.6930284090314012,0.6930284090314012,0.6930284090314012,0.6930284090314012,0.6930284090314012,0.6930284090314012
2050-08-28 04:00:00,0.6930284090314012,0.6930284090314012,0.6930284090314012,0.6930284090314012,0.6930284090314013,0.6930284090314013,0.6930284090314013
2050-08-28 05:00:00,0.6930284090314012,0.6930284090314012,0.6930284090314012,0.6930284090314012,0.6930284090314012,0.6930284090314012,0.6930284090314012
2050-08-28 06:00:00,0.6930284090314013,0.6930284090314013,0.6930284090314013,0.6930284090314013,0.6930284090314013,0.6930284090314013,0.6930284090314013
2050-08-28 07:00:00,0.6930284090314012,0.6930284090314012,0.6930284090314012,0.6930284090314012,0.6930284090314012,0.6930284090314012,0.6930284090314012
2050-08-28 08:00:00,0.6930284090314012,0.6930284090314012,0.6930284090314012,0.6930284090314012,0.6930284090314012,0.6930284090314012,0.6930284090314012
2050-08-28 09:00:00,0.6930284090314012,0.6930284090314012,0.6930284090314012,0.6930284090314012,0.6930284090314012,0.6930284090314012,0.6930284090314012
2050-08-28 10:00:00,0.6930284090314012,0.6930284090314012,0.6930284090314012,0.6930284090314012,0.6930284090314012,0.6930284090314012,0.6930284090314012
2050-08-28 11:00:00,0.6930284090314012,0.6930284090314012,0.6930284090314012,0.6930284090314012,0.6930284090314012,0.6930284090314012,0.6930284090314012
2050-08-28 12:00:00,0.6930284090314012,0.6930284090314012,0.6930284090314012,0.6930284090314012,0.6930284090314012,0.6930284090314012,0.6930284090314012
2050-08-28 13:00:00,0.6930284090314013,0.6930284090314013,0.6930284090314013,0.6930284090314013,0.6930284090314013,0.6930284090314013,0.6930284090314013
2050-08-28 14:00:00,0.8153275400369425,0.8153275400369425,0.8153275400369425,0.8153275400369425,0.8153275400369425,0.8153275400369425,0.8153275400369425
2050-08-28 15:00:00,0.8153275400369425,0.8153275400369425,0.8153275400369425,0.8153275400369425,0.8153275400369425,0.8153275400369425,0.8153275400369425
2050-08-28 16:00:00,0.8153275400369425,0.8153275400369425,0.8153275400369425,0.8153275400369425,0.8153275400369425,0.8153275400369425,0.8153275400369425
2050-08-28 17:00:00,0.8153275400369425,0.8153275400369425,0.8153275400369425,0.8153275400369425,0.8153275400369425,0.8153275400369425,0.8153275400369425
2050-08-28 18:00:00,0.8153275400369425,0.8153275400369425,0.8153275400369425,0.8153275400369425,0.8153275400369425,0.8153275400369425,0.8153275400369425
2050-08-28 19:00:00,0.8153275400369425,0.8153275400369425,0.8153275400369425,0.8153275400369425,0.8153275400369425,0.8153275400369425,0.8153275400369425
2050-08-28 20:00:00,0.8153275400369425,0.8153275400369425,0.8153275400369425,0.8153275400369425,0.8153275400369425,0.8153275400369425,0.8153275400369425
2050-08-28 21:00:00,0.6930284090314012,0.6930284090314012,0.6930284090314012,0.6930284090314012,0.6930284090314012,0.6930284090314012,0.6930284090314012
2050-08-28 22:00:00,0.6930284090314012,0.6930284090314012,0.6930284090314012,0.6930284090314012,0.6930284090314012,0.6930284090314013,0.6930284090314013
2050-08-28 23:00:00,0.6930284090314013,0.6930284090314013,0.6930284090314013,0.6930284090314013,0.6930284090314013,0.6930284090314013,0.6930284090314013
2050-11-06 00:00:00,0.00628859111898864,0.00628859111898864,0.00628859111898864,0.00628859111898864,0.00628859111898864,0.00628859111898864,0.00628859111898864
2050-11-06 01:00:00,0.00628859111898864,0.00628859111898864,0.00628859111898864,0.00628859111898864,0.00628859111898864,0.00628859111898864,0.00628859111898864
2050-11-06 02:00:00,0.00628859111898864,0.00628859111898864,0.00628859111898864,0.00628859111898864,0.00628859111898864,0.00628859111898864,0.00628859111898864
2050-11-06 03:00:00,0.00628859111898864,0.00628859111898864,0.00628859111898864,0.00628859111898864,0.00628859111898864,0.00628859111898864,0.00628859111898864
2050-11-06 04:00:00,0.00628859111898864,0.00628859111898864,0.00628859111898864,0.00628859111898864,0.00628859111898864,0.00628859111898864,0.00628859111898864
2050-11-06 05:00:00,0.00628859111898864,0.00628859111898864,0.00628859111898864,0.00628859111898864,0.00628859111898864,0.00628859111898864,0.00628859111898864
2050-11-06 06:00:00,0.00628859111898864,0.00628859111898864,0.00628859111898864,0.00628859111898864,0.00628859111898864,0.00628859111898864,0.00628859111898864
2050-11-06 07:00:00,0.00628859111898864,0.00628859111898864,0.00628859111898864,0.00628859111898864,0.00628859111898864,0.00628859111898864,0.00628859111898864
2050-11-06 08:00:00,0.00628859111898864,0.00628859111898864,0.00628859111898864,0.00628859111898864,0.00628859111898864,0.00628859111898864,0.00628859111898864
2050-11-06 09:00:00,0.00628859111898864,0.00628859111898864,0.00628859111898864,0.00628859111898864,0.00628859111898864,0.00628859111898864,0.00628859111898864
2050-11-06 10:00:00,0.00628859111898864,0.00628859111898864,0.00628859111898864,0.00628859111898864,0.00628859111898864,0.00628859111898864,0.00628859111898864
2050-11-06 11:00:00,0.00628859111898864,0.00628859111898864,0.00628859111898864,0.00628859111898864,0.00628859111898864,0.00628859111898864,0.00628859111898864
2050-11-06 12:00:00,0.0062885911189886415,0.0062885911189886415,0.0062885911189886415,0.0062885911189886415,0.0062885911189886415,0.0062885911189886415,0.0062885911189886415
2050-11-06 13:00:00,0.007398342492927812,0.007398342492927812,0.007398342492927812,0.007398342492927812,0.007398342492927812,0.007398342492927812,0.007398342492927812
2050-11-06 14:00:00,0.007398342492927812,0.007398342492927812,0.007398342492927812,0.007398342492927812,0.007398342492927812,0.007398342492927812,0.007398342492927812
2050-11-06 15:00:00,0.007398342492927812,0.007398342492927812,0.007398342492927812,0.007398342492927812,0.007398342492927812,0.007398342492927812,0.007398342492927812
2050-11-06 16:00:00,0.007398342492927812,0.007398342492927812,0.007398342492927812,0.007398342492927812,0.007398342492927812,0.007398342492927812,0.007398342492927812
2050-11-06 17:00:00,0.007398342492927812,0.007398342492927812,0.007398342492927812,0.007398342492927812,0.007398342492927812,0.007398342492927812,0.007398342492927812
2050-11-06 18:00:00,0.0073983424929272784,0.0073983424929272784,0.0073983424929272784,0.0073983424929272784,0.0073983424929272784,0.0073983424929272784,0.0073983424929272784
2050-11-06 19:00:00,0.00628859111898864,0.00628859111898864,0.00628859111898864,0.00628859111898864,0.00628859111898864,0.00628859111898864,0.0062885911189886415
2050-11-06 20:00:00,0.00628859111898864,0.00628859111898864,0.00628859111898864,0.00628859111898864,0.00628859111898864,0.00628859111898864,0.00628859111898864
2050-11-06 21:00:00,0.00628859111898864,0.00628859111898864,0.00628859111898864,0.00628859111898864,0.00628859111898864,0.00628859111898864,0.00628859111898864
2050-11-06 22:00:00,0.00628859111898864,0.00628859111898864,0.00628859111898864,0.00628859111898864,0.00628859111898864,0.00628859111898864,0.00628859111898864
2050-11-06 23:00:00,0.00628859111898864,0.00628859111898864,0.00628859111898864,0.00628859111898864,0.00628859111898864,0.00628859111898864,0.00628859111898864
2050-11-07 00:00:00,0.005345302451140344,0.005345302451140344,0.005345302451140344,0.005345302451140344,0.005345302451140344,0.005345302451140344,0.005345302451140344
2050-11-07 01:00:00,0.00628859111898864,0.00628859111898864,0.00628859111898864,0.00628859111898864,0.00628859111898864,0.00628859111898864,0.00628859111898864
2050-11-07 02:00:00,0.00628859111898864,0.00628859111898864,0.00628859111898864,0.00628859111898864,0.0062885911189886415,0.0062885911189886415,0.0062885911189886415
2050-11-07 03:00:00,0.00628859111898864,0.00628859111898864,0.00628859111898864,0.00628859111898864,0.00628859111898864,0.00628859111898864,0.00628859111898864
2050-11-07 04:00:00,0.00628859111898864,0.00628859111898864,0.00628859111898864,0.00628859111898864,0.00628859111898864,0.00628859111898864,0.0062885911189886415
2050-11-07 05:00:00,0.00628859111898864,0.00628859111898864,0.00628859111898864,0.00628859111898864,0.00628859111898864,0.00628859111898864,0.00628859111898864
2050-11-07 06:00:00,0.00628859111898864,0.00628859111898864,0.00628859111898864,0.00628859111898864,0.00628859111898864,0.0062885911189886415,0.0062885911189886415
2050-11-07 07:00:00,0.00628859111898864,0.00628859111898864,0.00628859111898864,0.00628859111898864,0.00628859111898864,0.00628859111898864,0.00628859111898864
2050-11-07 08:00:00,0.00628859111898864,0.00628859111898864,0.00628859111898864,0.00628859111898864,0.00628859111898864,0.00628859111898864,0.00628859111898864
2050-11-07 09:00:00,0.00628859111898864,0.00628859111898864,0.00628859111898864,0.00628859111898864,0.00628859111898864,0.00628859111898864,0.00628859111898864
2050-11-07 10:00:00,0.00628859111898864,0.00628859111898864,0.00628859111898864,0.00628859111898864,0.00628859111898864,0.00628859111898864,0.00628859111898864
2050-11-07 11:00:00,0.00628859111898864,0.00628859111898864,0.00628859111898864,0.00628859111898864,0.00628859111898864,0.0062885911189886415,0.0062885911189886415
2050-11-07 12:00:00,0.00628859111898864,0.00628859111898864,0.00628859111898864,0.00628859111898864,0.00628859111898864,0.00628859111898864,0.00628859111898864
2050-11-07 13:00:00,0.00628859111898864,0.00628859111898864,0.00628859111898864,0.00628859111898864,0.00628859111898864,0.00628859111898864,0.00628859111898864
2050-11-07 14:00:00,0.00628859111898864,0.00628859111898864,0.00628859111898864,0.00628859111898864,0.00628859111898864,0.00628859111898864,0.00628859111898864
2050-11-07 15:00:00,0.00628859111898864,0.00628859111898864,0.00628859111898864,0.00628859111898864,0.00628859111898864,0.00628859111898864,0.00628859111898864
2050-11-07 16:00:00,0.00628859111898864,0.00628859111898864,0.00628859111898864,0.00628859111898864,0.00628859111898864,0.00628859111898864,0.00628859111898864
2050-11-07 17:00:00,0.00628859111898864,0.00628859111898864,0.00628859111898864,0.00628859111898864,0.00628859111898864,0.00628859111898864,0.00628859111898864
2050-11-07 18:00:00,0.00628859111898864,0.00628859111898864,0.00628859111898864,0.00628859111898864,0.00628859111898864,0.00628859111898864,0.0062885911189886415
2050-11-07 19:00:00,0.00628859111898864,0.00628859111898864,0.00628859111898864,0.00628859111898864,0.00628859111898864,0.00628859111898864,0.0062885911189886415
2050-11-07 20:00:00,0.00628859111898864,0.00628859111898864,0.00628859111898864,0.00628859111898864,0.00628859111898864,0.00628859111898864,0.00628859111898864
2050-11-07 21:00:00,0.00628859111898864,0.00628859111898864,0.00628859111898864,0.00628859111898864,0.00628859111898864,0.00628859111898864,0.00628859111898864
2050-11-07 22:00:00,0.00628859111898864,0.00628859111898864,0.00628859111898864,0.00628859111898864,0.00628859111898864,0.00628859111898864,0.00628859111898864
2050-11-07 23:00:00,0.00628859111898864,0.00628859111898864,0.00628859111898864,0.00628859111898864,0.00628859111898864,0.0062885911189886415,0.0062885911189886415
2050-11-08 00:00:00,0.00628859111898864,0.00628859111898864,0.00628859111898864,0.00628859111898864,0.00628859111898864,0.00628859111898864,0.0062885911189886415
2050-11-08 01:00:00,0.00628859111898864,0.00628859111898864,0.00628859111898864,0.00628859111898864,0.00628859111898864,0.00628859111898864,0.00628859111898864
2050-11-08 02:00:00,0.0062885911189886415,0.0062885911189886415,0.0062885911189886415,0.0062885911189886415,0.0062885911189886415,0.0062885911189886415,0.0062885911189886415
2050-11-08 03:00:00,0.00628859111898864,0.00628859111898864,0.00628859111898864,0.00628859111898864,0.00628859111898864,0.00628859111898864,0.00628859111898864
2050-11-08 04:00:00,0.00628859111898864,0.00628859111898864,0.00628859111898864,0.00628859111898864,0.00628859111898864,0.00628859111898864,0.0062885911189886415
2050-11-08 05:00:00,0.00628859111898864,0.00628859111898864,0.00628859111898864,0.00628859111898864,0.00628859111898864,0.00628859111898864,0.00628859111898864
2050-11-08 06:00:00,0.00628859111898864,0.00628859111898864,0.00628859111898864,0.00628859111898864,0.00628859111898864,0.00628859111898864,0.00628859111898864
2050-11-08 07:00:00,0.00628859111898864,0.00628859111898864,0.00628859111898864,0.00628859111898864,0.00628859111898864,0.00628859111898864,0.00628859111898864
2050-11-08 08:00:00,0.00628859111898864,0.00628859111898864,0.00628859111898864,0.00628859111898864,0.00628859111898864,0.00628859111898864,0.00628859111898864
2050-11-08 09:00:00,0.00628859111898864,0.00628859111898864,0.00628859111898864,0.00628859111898864,0.00628859111898864,0.00628859111898864,0.00628859111898864
2050-11-08 10:00:00,0.0017086256133504348,0.0017086256133504348,0.0017086256133504348,0.0017086256133504348,0.0017086256133504348,0.0010412395237503487,0.0017086256133504348
2050-11-08 11:00:00,0.0017086256133504348,0.0017086256133504348,0.0017086256133504348,0.0017086256133504348,0.0017086256133504348,0.0010412395237503487,0.0017086256133504348
2050-11-08 12:00:00,0.0017086256133504348,0.0017086256133504348,0.0017086256133504348,0.0017086256133504348,0.0017086256133504348,0.0010412395237503487,0.0017086256133504348
2050-11-08 13:00:00,0.0017086256133504348,0.0017086256133504348,0.0017086256133504348,0.0017086256133504348,0.0017086256133504348,0.0010412395237503487,0.0017086256133504348
2050-11-08 14:00:00,0.002010147780412276,0.002010147780412276,0.002010147780412276,0.002010147780412276,0.002010147780412276,0.0010412395237503487,0.002010147780412276
2050-11-08 15:00:00,0.002010147780412276,0.002010147780412276,0.002010147780412276,0.002010147780412276,0.002010147780412276,0.00122498767500041,0.002010147780412276
2050-11-08 16:00:00,0.00122498767500041,0.00122498767500041,0.00122498767500041,0.002010147780412276,0.002010147780412276,0.00122498767500041,0.002010147780412276
2050-11-08 17:00:00,0.00122498767500041,0.00122498767500041,0.00122498767500041,0.0017086256133504348,0.0017086256133504348,0.00122498767500041,0.0017086256133504348
2050-11-08 18:00:00,0.00122498767500041,0.00122498767500041,0.00122498767500041,0.002010147780412276,0.002010147780412276,0.00122498767500041,0.002010147780412276
2050-11-08 19:00:00,0.0014411619705887175,0.0014411619705887175,0.0014411619705887175,0.0014411619705887175,0.0014411619705887175,0.00122498767500041,0.0014411619705887175
2050-11-08 20:00:00,0.001229624593373875,0.001229624593373875,0.001229624593373875,0.001229624593373875,0.001229624593373875,0.00122498767500041,0.001229624593373875
2050-11-08 21:00:00,0.00122498767500041,0.00122498767500041,0.00122498767500041,0.00122498767500041,0.00122498767500041,0.00122498767500041,0.00122498767500041
2050-11-08 22:00:00,0.0012249876750008016,0.0012249876750008016,0.0012249876750008016,0.0012249876750008016,0.0012249876750008016,0.0012249876750008016,0.0012249876750008016
2050-11-08 23:00:00,0.0012249876750008016,0.0012249876750008016,0.0012249876750008016,0.0012249876750008016,0.0012249876750008016,0.0012249876750008016,0.0012249876750008016
2050-12-13 00:00:00,0.04884413649686089,0.04884413649686089,0.04884413649686089,0.04884413649686089,0.04884413649686089,0.04884413649686089,0.04884413649686089
2050-12-13 01:00:00,0.04884413649686089,0.04884413649686089,0.04884413649686089,0.04884413649686089,0.04884413649686089,0.04884413649686089,0.04884413649686089
2050-12-13 02:00:00,0.04884413649686089,0.04884413649686089,0.04884413649686089,0.04884413649686089,0.04884413649686089,0.04884413649686089,0.04884413649686089
2050-12-13 03:00:00,0.044167570236523145,0.044167570236523145,0.044167570236523145,0.044167570236523145,0.044167570236523145,0.044167570236523145,0.044167570236523145
2050-12-13 04:00:00,0.044167570236523145,0.044167570236523145,0.044167570236523145,0.044167570236523145,0.044167570236523145,0.044167570236523145,0.044167570236523145
2050-12-13 05:00:00,0.051961847337086045,0.051961847337086045,0.051961847337086045,0.051961847337086045,0.051961847337086045,0.051961847337086045,0.051961847337086045
2050-12-13 06:00:00,0.051961847337086045,0.051961847337086045,0.051961847337086045,0.051961847337086045,0.051961847337086045,0.051961847337086045,0.051961847337086045
2050-12-13 07:00:00,0.051961847337086045,0.051961847337086045,0.051961847337086045,0.051961847337086045,0.051961847337086045,0.051961847337086045,0.051961847337086045
2050-12-13 08:00:00,0.04884413649686091,0.04884413649686091,0.04884413649686091,0.04884413649686091,0.04884413649686089,0.04884413649686089,0.04884413649686089
2050-12-13 09:00:00,0.04884413649686089,0.04884413649686089,0.04884413649686089,0.04884413649686089,0.04884413649686089,0.04884413649686089,0.04884413649686089
2050-12-13 10:00:00,0.04884413649686089,0.04884413649686089,0.04884413649686089,0.04884413649686089,0.04884413649686089,0.00628859111898864,0.04884413649686089
2050-12-13 11:00:00,5e-324,0.0,5e-324,0.04884413649686089,0.04884413649686089,0.00628859111898864,0.04884413649686089
2050-12-13 12:00:00,5e-324,5e-324,5e-324,0.04884413649686089,0.04884413649686089,0.00628859111898864,0.04884413649686089
2050-12-13 13:00:00,5e-324,5e-324,5e-324,0.04151751602233176,0.04151751602233176,0.00628859111898864,0.04151751602233176
2050-12-13 14:00:00,5e-324,5e-324,5e-324,0.01283385942650743,0.01283385942650743,0.00628859111898864,0.01283385942650743
2050-12-13 15:00:00,5e-324,5e-324,5e-324,0.01283385942650743,0.01283385942650743,0.00628859111898864,0.01283385942650743
2050-12-13 16:00:00,5e-324,5e-324,5e-324,0.01283385942650743,0.01283385942650743,0.00628859111898864,0.01283385942650743
2050-12-13 17:00:00,5e-324,5e-324,5e-324,0.04884413649686088,0.04884413649686088,0.04884413649686088,0.04884413649686088
2050-12-13 18:00:00,0.04884413649686088,0.04884413649686088,0.04884413649686088,0.04884413649686088,0.04884413649686088,0.04884413649686088,0.04884413649686088
2050-12-13 19:00:00,0.04884413649686089,0.04884413649686089,0.04884413649686089,0.04884413649686088,0.04884413649686088,0.04884413649686088,0.04884413649686088
2050-12-13 20:00:00,0.04884413649686089,0.04884413649686089,0.04884413649686089,0.04884413649686089,0.04884413649686089,0.04884413649686089,0.04884413649686089
2050-12-13 21:00:00,0.04884413649686089,0.04884413649686089,0.04884413649686089,0.04884413649686089,0.04884413649686089,0.04884413649686089,0.04884413649686089
2050-12-13 22:00:00,0.04884413649686089,0.04884413649686089,0.04884413649686089,0.04884413649686089,0.04884413649686088,0.04884413649686088,0.04884413649686089
2050-12-13 23:00:00,0.04884413649686089,0.04884413649686089,0.04884413649686089,0.04884413649686089,0.04884413649686089,0.04884413649686089,0.04884413649686089
2050-12-14 00:00:00,0.04884413649686089,0.04884413649686089,0.04884413649686089,0.04884413649686089,0.04884413649686089,0.04884413649686089,0.04884413649686089
2050-12-14 01:00:00,0.04884413649686089,0.04884413649686089,0.04884413649686089,0.04884413649686089,0.04884413649686089,0.04884413649686089,0.04884413649686089
2050-12-14 02:00:00,0.04884413649686089,0.04884413649686089,0.04884413649686089,0.04884413649686089,0.04884413649686089,0.04884413649686089,0.04884413649686089
2050-12-14 03:00:00,5e-324,0.0,5e-324,0.04884413649686089,0.04884413649686089,0.04884413649686089,0.04884413649686089
2050-12-14 04:00:00,0.0,0.0,5e-324,0.04884413649686088,0.04884413649686088,0.04884413649686088,0.04884413649686088
2050-12-14 05:00:00,5e-324,5e-324,5e-324,0.04884413649686088,0.04884413649686088,0.04884413649686088,0.04884413649686088
2050-12-14 06:00:00,5e-324,5e-324,5e-324,0.04884413649686088,0.04884413649686088,0.04884413649686088,0.04884413649686088
2050-12-14 07:00:00,5e-324,5e-324,5e-324,0.04884413649686088,0.04884413649686088,0.04884413649686088,0.04884413649686088
2050-12-14 08:00:00,5e-324,0.0,5e-324,0.04884413649686088,0.04884413649686088,0.04884413649686088,0.04884413649686089
2050-12-14 09:00:00,5e-324,5e-324,5e-324,0.04884413649686089,0.04884413649686089,0.04884413649686089,0.04884413649686089
2050-12-14 10:00:00,5e-324,5e-324,5e-324,0.04884413649686089,0.04884413649686089,0.03066347324097099,0.04884413649686089
2050-12-14 11:00:00,0.0,0.0,5e-324,0.03066347324097099,0.03066347324097099,0.03066347324097099,0.03066347324097099
2050-12-14 12:00:00,5e-324,5e-324,0.0,0.03066347324097099,0.03066347324097099,0.03066347324097099,0.03066347324097099
2050-12-14 13:00:00,5e-324,5e-324,5e-324,0.03066347324074494,0.03066347324097099,0.03066347324097099,0.03066347324097099
2050-12-14 14:00:00,0.0,0.0,5e-324,0.03066347324097099,0.03066347324097099,0.03066347324097099,0.03066347324097099
2050-12-14 15:00:00,5e-324,5e-324,5e-324,0.03066347324097099,0.03066347324097099,0.03066347324097099,0.03066347324097099
2050-12-14 16:00:00,5e-324,5e-324,0.0,0.03066347324097099,0.03066347324097099,0.03066347324097099,0.030663473240970986
2050-12-14 17:00:00,5e-324,0.0,5e-324,0.048844136496860896,0.048844136496860896,0.03066347324097099,0.048844136496860896
2050-12-14 18:00:00,0.010769102985998534,0.010769102985998534,0.010769102985998534,0.048844136496860896,0.048844136496860896,0.03066347324097099,0.048844136496860896
2050-12-14 19:00:00,0.010769102985998534,0.010769102985998534,0.010769102985998534,0.048844136496860896,0.048844136496860896,0.036074674401142336,0.048844136496860896
2050-12-14 20:00:00,0.010769102985998534,0.010769102985998534,0.010769102985998534,0.04884413649686089,0.04884413649686089,0.036074674401142336,0.04884413649686089
2050-12-14 21:00:00,0.010769102985998534,0.010769102985998534,0.010769102985998534,0.04884413649686089,0.04884413649686089,0.036074674401142336,0.04884413649686089
2050-12-14 22:00:00,0.010769102985998534,0.010769102985998534,0.010769102985998534,0.036074674401142336,0.036074674401142336,0.036074674401142336,0.036074674401142336
2050-12-14 23:00:00,0.010769102985998534,0.010769102985998534,0.010769102985998534,0.036074674401142336,0.036074674401142336,0.036074674401142336,0.036074674401142336
