,Coal Steam CCSp61,Combined Cyclep61,Combined Cycle CCSp61,Nuclearp61,Battery Storagep61,Hydrogenp61,Coal Steam CCSp62,Combined Cyclep62,Combined Cycle CCSp62,Nuclearp62,Battery Storagep62,Hydrogenp62,Coal Steam CCSp60,Combined Cyclep60,Combined Cycle CCSp60,Nuclearp60,Battery Storagep60,Hydrogenp60,Coal Steam CCSp63,Combined Cyclep63,Combined Cycle CCSp63,Nuclearp63,Battery Storagep63,Hydrogenp63,Coal Steam CCSp64,Combined Cyclep64,Combined Cycle CCSp64,Nuclearp64,Battery Storagep64,Hydrogenp64,Coal Steam CCSp65,Combined Cyclep65,Combined Cycle CCSp65,Nuclearp65,Battery Storagep65,Hydrogenp65,Coal Steam CCSp67,Combined Cyclep67,Combined Cycle CCSp67,Nuclearp67,Battery Storagep67,Hydrogenp67,windlat26.0lon-97.5p65,solarlat26.0lon-97.5p65
2050-01-16 00:00:00,,,,,0.0,0.0,,,,,0.0,0.0,,,,,0.0,0.0,,,,,0.0,0.0,,,,,0.0,0.0,,,,,0.0,0.0,,,,,0.0,0.0,,
2050-01-16 01:00:00,,,,,0.0,0.0,,,,,0.0,0.0,,,,,0.0,0.0,,,,,0.0,0.0,,,,,0.0,0.0,,,,,0.0,0.0,,,,,0.0,0.0,,
2050-01-16 02:00:00,,,,,0.0,0.0,,,,,0.0,0.0,,,,,0.0,0.0,,,,,0.0,0.0,,,,,0.0,0.0,,,,,0.0,0.0,,,,,0.0,0.0,,
2050-01-16 03:00:00,,,,,0.0,0.0,,,,,0.0,0.0,,,,,0.0,0.0,,,,,0.0,0.0,,,,,0.0,0.0,,,,,0.0,0.0,,,,,0.0,0.0,,
2050-01-16 04:00:00,,,,,0.0,0.0,,,,,0.0,0.0,,,,,0.0,0.0,,,,,0.0,0.0,,,,,0.0,0.0,,,,,0.0,0.0,,,,,0.0,0.0,,
2050-01-16 05:00:00,,,,,0.0,0.0,,,,,0.0,0.0,,,,,0.0,0.0,,,,,0.0,0.0,,,,,0.0,0.0,,,,,0.0,0.0,,,,,0.0,0.0,,
2050-01-16 06:00:00,,,,,0.0,0.0,,,,,0.0,0.0,,,,,0.0,0.0,,,,,0.0,0.0,,,,,0.0,0.0,,,,,0.0,0.0,,,,,0.0,0.0,,
2050-01-16 07:00:00,,,,,0.0,0.0,,,,,0.0,0.0,,,,,0.0,0.0,,,,,0.0,0.0,,,,,0.0,0.0,,,,,0.0,0.0,,,,,0.0,0.0,,
2050-01-16 08:00:00,,,,,0.0,0.0,,,,,0.0,0.0,,,,,0.0,0.0,,,,,0.0,0.0,,,,,0.0,0.0,,,,,0.0,0.0,,,,,0.0,0.0,,
2050-01-16 09:00:00,,,,,0.0,0.0,,,,,0.0,0.0,,,,,0.0,0.0,,,,,0.0,0.0,,,,,0.0,1.7211288597445886,,,,,5.368047997488695,2.0710735979988115,,,,,0.0,0.0,,
2050-01-16 10:00:00,,,,,0.0,0.0,,,,,0.0,0.0,,,,,0.0,0.0,,,,,0.0,0.0,,,,,0.0,1.7211288597445886,,,,,14.51145660918116,2.0710735979988115,,,,,0.0,0.0,,
2050-01-16 11:00:00,,,,,0.0,0.0,,,,,0.0,0.0,,,,,0.6980384346325569,0.0,,,,,0.0,0.0,,,,,0.0,1.7211288597445886,,,,,21.54873953943349,2.0710735979988115,,,,,0.0,0.0,,
2050-01-16 12:00:00,,,,,0.4139176812277594,0.0,,,,,0.0,0.0,,,,,0.0,0.0,,,,,0.0,0.0,,,,,0.0,1.7211288597445886,,,,,24.73853763683674,2.0710735979988115,,,,,0.0,0.0,,
2050-01-16 13:00:00,,,,,0.806983779577557,0.0,,,,,0.7358042026145946,0.0,,,,,0.7715278164728545,0.0,,,,,0.0,0.0,,,,,0.0,1.7211288597445886,,,,,19.34590709775786,2.0710735979988115,,,,,0.0,0.0,,
2050-01-16 14:00:00,,,,,0.806983779577557,0.0,,,,,0.7358042026145946,0.0,,,,,0.7715278164728545,0.0,,,,,0.0,0.0,,,,,0.0,1.7211288597445886,,,,,11.885555845553647,2.0710735979988115,,,,,0.0,0.0,,
2050-01-16 15:00:00,,,,,0.6724548521635707,0.0,,,,,0.7358042026145946,0.0,,,,,0.7715278164728545,0.0,,,,,0.0,0.0,,,,,0.0,1.7211288597445886,,,,,0.24169384563009544,2.0710735979988115,,,,,0.0,0.7126235780229475,,
2050-01-16 16:00:00,,,,,0.4507284010613568,0.0,,,,,0.6657175578415706,0.0,,,,,0.0,0.0,,,,,0.0,0.0,,,,,0.0,0.0,,,,,0.0,0.0,,,,,0.0,0.0,,
2050-01-16 17:00:00,,,,,0.0,0.0,,,,,0.0,0.0,,,,,0.0,0.0,,,,,0.0,0.0,,,,,0.0,0.0,,,,,0.0,0.0,,,,,0.0,0.0,,
2050-01-16 18:00:00,,,,,0.0,0.0,,,,,0.0,0.0,,,,,0.0,0.0,,,,,0.0,0.0,,,,,0.0,0.0,,,,,0.0,0.0,,,,,0.0,0.0,,
2050-01-16 19:00:00,,,,,0.0,0.0,,,,,0.0,0.0,,,,,0.0,0.0,,,,,0.0,0.0,,,,,0.0,0.0,,,,,0.0,0.0,,,,,0.0,0.0,,
2050-01-16 20:00:00,,,,,0.0,0.0,,,,,0.0,0.0,,,,,0.0,0.0,,,,,0.0,0.0,,,,,0.0,0.0,,,,,0.0,0.0,,,,,0.0,0.0,,
2050-01-16 21:00:00,,,,,0.0,0.0,,,,,0.0,0.0,,,,,0.0,0.0,,,,,0.0,0.0,,,,,0.0,0.0,,,,,0.0,0.0,,,,,0.0,0.0,,
2050-01-16 22:00:00,,,,,0.0,0.0,,,,,0.0,0.0,,,,,0.0,0.0,,,,,0.0,0.0,,,,,0.0,0.0,,,,,0.0,0.0,,,,,0.0,0.0,,
2050-01-16 23:00:00,,,,,0.0,0.0,,,,,0.0,0.0,,,,,0.0,0.0,,,,,0.0,0.0,,,,,0.0,0.0,,,,,0.0,0.0,,,,,0.0,0.0,,
2050-01-17 00:00:00,,,,,0.0,0.0,,,,,0.0,0.0,,,,,0.0,0.0,,,,,0.0,0.0,,,,,0.0,0.0,,,,,0.0,0.0,,,,,0.0,0.0,,
2050-01-17 01:00:00,,,,,0.0,0.0,,,,,0.0,0.0,,,,,0.0,0.0,,,,,0.0,0.0,,,,,0.0,0.0,,,,,0.0,0.0,,,,,0.0,0.0,,
2050-01-17 02:00:00,,,,,0.0,0.0,,,,,0.0,0.0,,,,,0.0,0.0,,,,,0.0,0.0,,,,,0.0,0.0,,,,,0.0,0.0,,,,,0.0,0.0,,
2050-01-17 03:00:00,,,,,0.0,0.0,,,,,0.0,0.0,,,,,0.0,0.0,,,,,0.0,0.0,,,,,0.0,0.0,,,,,0.0,0.0,,,,,0.0,0.0,,
2050-01-17 04:00:00,,,,,0.0,0.0,,,,,0.0,0.0,,,,,0.0,0.0,,,,,0.0,0.0,,,,,0.0,0.0,,,,,0.0,0.0,,,,,0.0,0.0,,
2050-01-17 05:00:00,,,,,0.0,0.0,,,,,0.0,0.0,,,,,0.0,0.0,,,,,0.0,0.0,,,,,0.0,0.0,,,,,0.0,0.0,,,,,0.0,0.0,,
2050-01-17 06:00:00,,,,,0.0,0.0,,,,,0.0,0.0,,,,,0.0,0.0,,,,,0.0,0.0,,,,,0.0,0.0,,,,,0.0,0.0,,,,,0.0,0.0,,
2050-01-17 07:00:00,,,,,0.0,0.0,,,,,0.0,0.0,,,,,0.0,0.0,,,,,0.0,0.0,,,,,0.0,0.0,,,,,0.0,0.0,,,,,0.0,0.0,,
2050-01-17 08:00:00,,,,,0.0,0.0,,,,,0.0,0.0,,,,,0.0,0.0,,,,,0.0,0.0,,,,,0.0,0.0,,,,,0.0,0.0,,,,,0.0,0.0,,
2050-01-17 09:00:00,,,,,0.0,0.0,,,,,0.0,0.0,,,,,0.0,0.0,,,,,0.0,0.0,,,,,0.0,1.7211288597445886,,,,,0.0,2.0710735979988115,,,,,0.0,0.0,,
2050-01-17 10:00:00,,,,,0.0,0.0,,,,,0.0,0.0,,,,,0.0,0.0,,,,,0.0,0.0,,,,,0.0,1.7211288597445886,,,,,18.124225442988525,2.0710735979988115,,,,,0.0,0.0,,
2050-01-17 11:00:00,,,,,0.0,0.0,,,,,0.0,0.0,,,,,0.0,0.0,,,,,0.0,0.0,,,,,0.0,1.7211288597445886,,,,,27.550389485388397,2.0710735979988115,,,,,0.0,0.0,,
2050-01-17 12:00:00,,,,,0.0,0.0,,,,,0.0,0.0,,,,,0.0,0.0,,,,,0.0,0.0,,,,,0.0,1.7211288597445886,,,,,27.550389485388397,2.0710735979988115,,,,,0.0,0.0,,
2050-01-17 13:00:00,,,,,0.0,0.0,,,,,0.0,0.0,,,,,0.0,0.0,,,,,0.0,0.0,,,,,0.0,1.7211288597445886,,,,,19.89899060027541,2.0710735979988115,,,,,0.0,0.0,,
2050-01-17 14:00:00,,,,,0.0,0.0,,,,,0.0,0.0,,,,,0.0,0.0,,,,,0.0,0.0,,,,,0.0,1.7211288597445886,,,,,19.769627866806484,2.0710735979988115,,,,,0.0,0.0,,
2050-01-17 15:00:00,,,,,0.0,0.0,,,,,0.0,0.0,,,,,0.0,0.0,,,,,0.0,0.741447082531602,,,,,0.0,1.7211288597445886,,,,,6.6367492021047,2.0710735979988115,,,,,0.0,1.2875588893382026,,
2050-01-17 16:00:00,,,,,0.0,0.0,,,,,0.0,0.0,,,,,0.0,0.0,,,,,0.0,0.0,,,,,0.0,0.0,,,,,0.0,0.0,,,,,0.0,0.0,,
2050-01-17 17:00:00,,,,,0.0,0.0,,,,,0.0,0.0,,,,,0.0,0.0,,,,,0.0,0.0,,,,,0.0,0.0,,,,,0.0,0.0,,,,,0.0,0.0,,
2050-01-17 18:00:00,,,,,0.0,0.0,,,,,0.0,0.0,,,,,0.0,0.0,,,,,0.0,0.0,,,,,0.0,0.0,,,,,0.0,0.0,,,,,0.0,0.0,,
2050-01-17 19:00:00,,,,,0.0,0.0,,,,,0.0,0.0,,,,,0.0,0.0,,,,,0.0,0.0,,,,,0.0,0.0,,,,,0.0,0.0,,,,,0.0,0.0,,
2050-01-17 20:00:00,,,,,0.0,0.0,,,,,0.0,0.0,,,,,0.0,0.0,,,,,0.0,0.0,,,,,0.0,0.0,,,,,0.0,0.0,,,,,0.0,0.0,,
2050-01-17 21:00:00,,,,,0.0,0.0,,,,,0.0,0.0,,,,,0.0,0.0,,,,,0.0,0.0,,,,,0.0,0.0,,,,,0.0,0.0,,,,,0.0,0.0,,
2050-01-17 22:00:00,,,,,0.0,0.0,,,,,0.0,0.0,,,,,0.0,0.0,,,,,0.0,0.0,,,,,0.0,0.0,,,,,0.0,0.0,,,,,0.0,0.0,,
2050-01-17 23:00:00,,,,,0.0,0.0,,,,,0.0,0.0,,,,,0.0,0.0,,,,,0.0,0.0,,,,,0.0,0.0,,,,,0.0,0.0,,,,,0.0,0.0,,
2050-05-07 00:00:00,,,,,0.0,0.0,,,,,0.0,0.0,,,,,0.0,0.0,,,,,0.0,0.0,,,,,0.0,0.0,,,,,0.0,0.0,,,,,0.0,1.2875588893382026,,
2050-05-07 01:00:00,,,,,0.0,0.0,,,,,0.0,0.0,,,,,0.0,0.0,,,,,0.0,0.0,,,,,0.0,0.0,,,,,0.0,0.0,,,,,0.0,0.0,,
2050-05-07 02:00:00,,,,,0.0,0.0,,,,,0.0,0.0,,,,,0.0,0.0,,,,,0.0,0.0,,,,,0.0,0.0,,,,,0.0,0.0,,,,,0.0,0.0,,
2050-05-07 03:00:00,,,,,0.0,0.0,,,,,0.0,0.0,,,,,0.0,0.0,,,,,0.0,0.0,,,,,0.0,0.0,,,,,0.0,0.0,,,,,0.0,0.0,,
2050-05-07 04:00:00,,,,,0.0,0.0,,,,,0.0,0.0,,,,,0.0,0.0,,,,,0.0,0.0,,,,,0.0,0.0,,,,,0.0,0.0,,,,,0.0,1.2875588893382026,,
2050-05-07 05:00:00,,,,,0.0,0.0,,,,,0.0,0.0,,,,,0.0,0.0,,,,,0.0,0.0,,,,,0.0,0.0,,,,,0.0,0.0,,,,,0.0,0.0,,
2050-05-07 06:00:00,,,,,0.0,0.0,,,,,0.0,0.0,,,,,0.0,0.0,,,,,0.0,0.0,,,,,0.0,0.0,,,,,0.0,2.0710735979988115,,,,,0.0,0.0,,
2050-05-07 07:00:00,,,,,0.0,0.0,,,,,0.0,0.0,,,,,0.0,0.0,,,,,0.0,4.9478043462313614,,,,,0.0,1.7211288597445886,,,,,0.0,2.0710735979988115,,,,,0.0,1.2875588893382026,,
2050-05-07 08:00:00,,,,,0.0,0.0,,,,,0.0,0.0,,,,,0.0,0.0,,,,,0.0,5.643131009557322,,,,,0.0,1.7211288597445886,,,,,0.0,2.0710735979988115,,,,,0.0,1.2875588893382026,,
2050-05-07 09:00:00,,,,,0.0,0.0,,,,,0.0,0.0,,,,,0.0,0.0,,,,,0.0,5.643131009557322,,,,,0.0,1.7211288597445886,,,,,7.103756494037938,2.0710735979988115,,,,,0.0,1.2875588893382026,,
2050-05-07 10:00:00,,,,,0.0,0.0,,,,,0.0,0.0,,,,,0.0,0.0,,,,,0.0,5.643131009557322,,,,,0.0,1.7211288597445886,,,,,14.673873222826614,2.0710735979988115,,,,,0.0,1.2875588893382026,,
2050-05-07 11:00:00,,,,,0.0,0.0,,,,,0.0,0.0,,,,,0.0,0.0,,,,,0.0,5.643131009557322,,,,,0.0,1.7211288597445886,,,,,18.43516209902996,2.0710735979988115,,,,,0.0,1.2875588893382026,,
2050-05-07 12:00:00,,,,,0.0,0.0,,,,,0.0,0.0,,,,,0.0,0.0,,,,,0.0,5.643131009557322,,,,,0.0,1.7211288597445886,,,,,18.845204848534628,2.0710735979988115,,,,,0.0,1.2875588893382026,,
2050-05-07 13:00:00,,,,,0.0,0.0,,,,,0.0,0.0,,,,,0.12224439861135106,0.0,,,,,0.0,5.643131009557322,,,,,0.0,1.7211288597445886,,,,,16.171594228543412,2.0710735979988115,,,,,0.0,1.2875588893382026,,
2050-05-07 14:00:00,,,,,0.0,0.0,,,,,0.0,0.0,,,,,0.0,0.0,,,,,0.0,5.643131009557322,,,,,0.0,1.7211288597445886,,,,,11.06524845466825,2.0710735979988115,,,,,0.0,1.2875588893382026,,
2050-05-07 15:00:00,,,,,0.0,0.0,,,,,0.0,0.0,,,,,0.5736161770030874,0.0,,,,,0.0,5.643131009557322,,,,,0.0,1.7211288597445886,,,,,2.2253571948987805,2.0710735979988115,,,,,0.0,1.2875588893382026,,
2050-05-07 16:00:00,,,,,0.0,0.0,,,,,0.0,0.0,,,,,0.0,0.0,,,,,0.0,1.8695274645691802,,,,,0.0,1.7211288597445886,,,,,0.0,2.0710735979988115,,,,,0.0,1.2875588893382026,,
2050-05-07 17:00:00,,,,,0.0,0.0,,,,,0.0,0.0,,,,,0.0,0.0,,,,,0.0,0.0,,,,,0.0,0.0,,,,,0.0,0.0,,,,,0.0,1.2875588893382026,,
2050-05-07 18:00:00,,,,,0.0,0.0,,,,,0.0,0.0,,,,,0.0,0.0,,,,,0.0,0.0,,,,,0.0,0.0,,,,,0.0,0.0,,,,,0.0,1.2875588893382026,,
2050-05-07 19:00:00,,,,,0.0,0.0,,,,,0.0,0.0,,,,,0.0,0.0,,,,,0.0,3.1732884962407644,,,,,0.0,0.0,,,,,0.0,0.0,,,,,0.0,1.2875588893382026,,
2050-05-07 20:00:00,,,,,0.0,0.0,,,,,0.0,0.0,,,,,0.0,0.0,,,,,0.0,0.0,,,,,0.0,0.0,,,,,0.0,0.0,,,,,0.0,0.0,,
2050-05-07 21:00:00,,,,,0.0,0.0,,,,,0.0,0.0,,,,,0.0,0.0,,,,,0.0,0.0,,,,,0.0,1.7211288597445886,,,,,0.0,0.0,,,,,0.0,1.2875588893382026,,
2050-05-07 22:00:00,,,,,0.0,0.0,,,,,0.0,0.0,,,,,0.0,0.0,,,,,0.0,0.0,,,,,0.0,1.3686525235605487,,,,,0.0,0.0,,,,,0.0,1.2875588893382026,,
2050-05-07 23:00:00,,,,,0.0,0.0,,,,,0.0,0.0,,,,,0.0,0.0,,,,,0.0,0.0,,,,,0.0,1.5665003806900428,,,,,0.0,2.0710735979988115,,,,,0.0,1.2875588893382026,,
2050-05-08 00:00:00,,,,,0.0,0.0,,,,,0.0,0.0,,,,,0.0,0.0,,,,,0.0,2.3409170181888603,,,,,0.0,0.0,,,,,0.0,2.0710735979988115,,,,,0.0,1.2875588893382026,,
2050-05-08 01:00:00,,,,,0.0,0.0,,,,,0.0,0.0,,,,,0.0,0.0,,,,,0.0,0.38826572840312235,,,,,0.0,1.7211288597445886,,,,,0.0,2.0710735979988115,,,,,0.0,1.2875588893382026,,
2050-05-08 02:00:00,,,,,0.0,0.0,,,,,0.0,0.0,,,,,0.0,0.0,,,,,0.0,2.909231090118771,,,,,0.0,0.0,,,,,0.0,2.0710735979988115,,,,,0.0,1.2875588893382026,,
2050-05-08 03:00:00,,,,,0.0,0.0,,,,,0.0,0.0,,,,,0.0,0.0,,,,,0.0,3.4239182922781257,,,,,0.0,0.0,,,,,0.0,2.0710735979988115,,,,,0.0,1.2875588893382026,,
2050-05-08 04:00:00,,,,,0.0,0.0,,,,,0.0,0.0,,,,,0.0,0.0,,,,,0.0,1.9104721957649407,,,,,0.0,0.0,,,,,0.0,2.0710735979988115,,,,,0.0,1.2875588893382026,,
2050-05-08 05:00:00,,,,,0.0,0.0,,,,,0.0,0.0,,,,,0.0,0.0,,,,,0.0,0.0,,,,,0.0,1.7211288597445886,,,,,0.0,0.0,,,,,0.0,0.0,,
2050-05-08 06:00:00,,,,,0.0,0.0,,,,,0.0,0.0,,,,,0.0,0.0,,,,,0.0,0.0,,,,,0.0,1.7211288597445886,,,,,0.0,0.0,,,,,0.0,1.2875588893382026,,
2050-05-08 07:00:00,,,,,0.0,0.0,,,,,0.0,0.0,,,,,0.0,0.0,,,,,0.0,5.623534915212123,,,,,0.0,1.7211288597445886,,,,,0.0,2.0710735979988115,,,,,0.0,1.2875588893382026,,
2050-05-08 08:00:00,,,,,0.0,0.0,,,,,0.0,0.0,,,,,0.0,0.0,,,,,0.0,5.643131009557322,,,,,0.0,1.7211288597445886,,,,,0.20482534192288782,2.0710735979988115,,,,,0.0,1.2875588893382026,,
2050-05-08 09:00:00,,,,,0.0,0.0,,,,,0.0,0.0,,,,,0.0,0.0,,,,,0.0,5.643131009557322,,,,,0.0,1.7211288597445886,,,,,8.922904399439105,2.0710735979988115,,,,,0.0,1.2875588893382026,,
2050-05-08 10:00:00,,,,,0.0,0.0,,,,,0.0,0.0,,,,,0.0,0.0,,,,,0.0,5.643131009557322,,,,,0.0,1.7211288597445886,,,,,13.135014272637918,2.0710735979988115,,,,,0.0,1.2875588893382026,,
2050-05-08 11:00:00,,,,,0.0,0.0,,,,,0.0,0.0,,,,,0.0,0.0,,,,,0.0,5.643131009557322,,,,,0.0,1.7211288597445886,,,,,14.94193908142163,2.0710735979988115,,,,,0.0,1.2875588893382026,,
2050-05-08 12:00:00,,,,,0.0,0.0,,,,,0.0,0.0,,,,,0.0,0.0,,,,,0.0,4.5520821423674604,,,,,0.0,1.7211288597445886,,,,,15.328583007765296,2.0710735979988115,,,,,0.0,1.2875588893382026,,
2050-05-08 13:00:00,,,,,0.0,0.0,,,,,0.0,0.0,,,,,0.0,0.0,,,,,0.0,2.847422092284952,,,,,0.0,1.7211288597445886,,,,,10.438825294033393,2.0710735979988115,,,,,0.0,1.2875588893382026,,
2050-05-08 14:00:00,,,,,0.0,0.0,,,,,0.0,0.0,,,,,0.0,0.0,,,,,0.0,2.192173815683241,,,,,0.0,1.7211288597445886,,,,,2.35351563060636,2.0710735979988115,,,,,0.0,1.2875588893382026,,
2050-05-08 15:00:00,,,,,0.0,0.0,,,,,0.0,0.0,,,,,0.0,0.0,,,,,0.0,0.0,,,,,0.0,0.0,,,,,0.0,0.0,,,,,0.0,0.0,,
2050-05-08 16:00:00,,,,,0.0,0.0,,,,,0.0,0.0,,,,,0.0,0.0,,,,,0.0,0.0,,,,,0.0,0.0,,,,,0.0,0.0,,,,,0.0,0.0,,
2050-05-08 17:00:00,,,,,0.0,0.0,,,,,0.0,0.0,,,,,0.0,0.0,,,,,0.0,0.0,,,,,0.0,0.0,,,,,0.0,0.0,,,,,0.0,0.0,,
2050-05-08 18:00:00,,,,,0.0,0.0,,,,,0.0,0.0,,,,,0.0,0.0,,,,,0.0,0.0,,,,,0.0,0.0,,,,,0.0,0.0,,,,,0.0,1.2875588893382026,,
2050-05-08 19:00:00,,,,,0.0,0.0,,,,,0.0,0.0,,,,,0.0,0.0,,,,,0.0,0.0,,,,,0.0,0.0,,,,,0.0,0.0,,,,,0.0,0.0,,
2050-05-08 20:00:00,,,,,0.0,0.0,,,,,0.0,0.0,,,,,0.0,0.0,,,,,0.0,0.0,,,,,0.0,0.0,,,,,0.0,0.0,,,,,0.0,0.7005359091158558,,
2050-05-08 21:00:00,,,,,0.0,0.0,,,,,0.0,0.0,,,,,0.0,0.0,,,,,0.0,0.0,,,,,0.0,0.0,,,,,0.0,0.0,,,,,0.0,0.0,,
2050-05-08 22:00:00,,,,,0.0,0.0,,,,,0.0,0.0,,,,,0.0,0.0,,,,,0.0,0.0,,,,,0.0,0.0,,,,,0.0,0.0,,,,,0.0,1.2875588893382026,,
2050-05-08 23:00:00,,,,,0.0,0.0,,,,,0.0,0.0,,,,,0.0,0.0,,,,,0.0,1.7278004115188956,,,,,0.0,0.0,,,,,0.0,2.0710735979988115,,,,,0.0,1.2875588893382026,,
2050-06-26 00:00:00,,,,,0.73011715487513,0.0,,,,,0.7358042026145946,0.0,,,,,0.0,0.0,,,,,0.0,0.0,,,,,0.0,0.0,,,,,0.0,0.0,,,,,0.0,0.0,,
2050-06-26 01:00:00,,,,,0.806983779577557,0.0,,,,,0.7358042026145946,0.0,,,,,0.7715278164728545,0.0,,,,,0.0,0.0,,,,,0.0,0.0,,,,,0.0,0.0,,,,,0.0,0.0,,
2050-06-26 02:00:00,,,,,0.0,0.0,,,,,0.0,0.0,,,,,0.7715278164728545,0.0,,,,,0.0,0.0,,,,,0.0,0.0,,,,,0.0,0.0,,,,,0.0,0.0,,
2050-06-26 03:00:00,,,,,0.0,0.0,,,,,0.0,0.0,,,,,0.0,0.0,,,,,0.0,0.0,,,,,0.0,0.0,,,,,0.0,0.0,,,,,0.0,0.0,,
2050-06-26 04:00:00,,,,,0.0,0.0,,,,,0.0,0.0,,,,,0.0,0.0,,,,,0.0,0.0,,,,,0.0,0.0,,,,,0.0,0.0,,,,,0.0,0.0,,
2050-06-26 05:00:00,,,,,0.0,0.0,,,,,0.0,0.0,,,,,0.0,0.0,,,,,0.0,0.0,,,,,0.0,0.0,,,,,0.0,0.0,,,,,0.0,0.0,,
2050-06-26 06:00:00,,,,,0.0,0.0,,,,,0.0,0.0,,,,,0.0,0.0,,,,,0.0,0.0,,,,,0.0,0.0,,,,,0.0,0.0,,,,,0.0,0.0,,
2050-06-26 07:00:00,,,,,0.0,0.0,,,,,0.7358042026145946,0.0,,,,,0.0,0.0,,,,,0.0,0.0,,,,,0.0,0.0,,,,,0.0,0.0,,,,,0.0,0.0,,
2050-06-26 08:00:00,,,,,0.0,0.0,,,,,0.0,0.0,,,,,0.7715278164728545,0.0,,,,,0.0,0.0,,,,,0.0,0.0,,,,,10.758507876116287,0.0,,,,,0.0,0.0,,
2050-06-26 09:00:00,,,,,0.0,0.0,,,,,0.0,0.0,,,,,0.0,0.0,,,,,0.0,0.0,,,,,0.0,0.0,,,,,15.911373937878192,0.0,,,,,0.0,0.0,,
2050-06-26 10:00:00,,,,,0.0,0.0,,,,,0.0,0.0,,,,,0.0,0.0,,,,,0.0,0.0,,,,,0.0,0.0,,,,,16.468165094461376,0.0,,,,,0.0,0.0,,
2050-06-26 11:00:00,,,,,0.0,0.0,,,,,0.0,0.0,,,,,0.0,0.0,,,,,0.0,0.0,,,,,0.0,0.0,,,,,23.181398387692184,0.0,,,,,0.0,0.0,,
2050-06-26 12:00:00,,,,,0.806983779577557,0.0,,,,,0.0,0.0,,,,,0.0,0.0,,,,,0.0,0.0,,,,,0.0,0.0,,,,,18.632892986313017,0.0,,,,,0.0,0.0,,
2050-06-26 13:00:00,,,,,0.806983779577557,0.0,,,,,0.0,0.0,,,,,0.0,0.0,,,,,0.0,0.0,,,,,0.0,0.0,,,,,16.954425634883094,0.0,,,,,0.0,0.0,,
2050-06-26 14:00:00,,,,,0.0,0.0,,,,,0.6657175578415706,0.0,,,,,0.698038434632557,0.0,,,,,0.0,0.0,,,,,0.0,0.0,,,,,5.9949519018409205,0.0,,,,,0.0,0.0,,
2050-06-26 15:00:00,,,,,0.0,0.0,,,,,0.0,0.0,,,,,0.0,0.0,,,,,0.0,0.0,,,,,0.0,0.0,,,,,0.0,0.0,,,,,0.0,0.0,,
2050-06-26 16:00:00,,,,,0.0,0.0,,,,,0.0,0.0,,,,,0.0,0.0,,,,,0.0,0.0,,,,,0.0,0.0,,,,,0.0,0.0,,,,,0.0,0.0,,
2050-06-26 17:00:00,,,,,0.0,0.0,,,,,0.0,0.0,,,,,0.0,0.0,,,,,0.0,0.0,,,,,0.0,0.0,,,,,0.0,0.0,,,,,0.0,0.0,,
2050-06-26 18:00:00,,,,,0.0,0.0,,,,,0.0,0.0,,,,,0.0,0.0,,,,,0.0,0.0,,,,,0.0,0.0,,,,,0.0,0.0,,,,,0.0,0.0,,
2050-06-26 19:00:00,,,,,0.0,0.0,,,,,0.0,0.0,,,,,0.0,0.0,,,,,0.0,0.0,,,,,0.0,0.0,,,,,0.0,0.0,,,,,0.0,0.0,,
2050-06-26 20:00:00,,,,,0.0,0.0,,,,,0.0,0.0,,,,,0.0,0.0,,,,,0.0,0.0,,,,,0.0,0.0,,,,,0.0,0.0,,,,,0.0,0.0,,
2050-06-26 21:00:00,,,,,0.0,0.0,,,,,0.0,0.0,,,,,0.0,0.0,,,,,0.0,0.0,,,,,0.0,0.0,,,,,0.0,0.0,,,,,0.0,0.0,,
2050-06-26 22:00:00,,,,,0.0,0.0,,,,,0.0,0.0,,,,,0.0,0.0,,,,,0.0,0.0,,,,,0.0,0.0,,,,,0.0,0.0,,,,,0.0,0.0,,
2050-06-26 23:00:00,,,,,0.0,0.0,,,,,0.0,0.0,,,,,0.0,0.0,,,,,0.0,0.0,,,,,0.0,0.0,,,,,0.0,0.0,,,,,0.0,0.0,,
2050-06-27 00:00:00,,,,,0.0,0.0,,,,,0.7358042026145946,0.0,,,,,0.0,0.0,,,,,0.0,0.0,,,,,0.0,0.0,,,,,0.0,0.0,,,,,0.0,0.0,,
2050-06-27 01:00:00,,,,,0.806983779577557,0.0,,,,,0.0,0.0,,,,,0.7715278164728545,0.0,,,,,0.0,0.0,,,,,0.0,0.0,,,,,1.242924038694073,0.0,,,,,0.0,0.0,,
2050-06-27 02:00:00,,,,,0.806983779577557,0.0,,,,,0.0,0.0,,,,,0.7715278164728545,0.0,,,,,0.0,0.0,,,,,0.0,0.0,,,,,0.0,0.0,,,,,0.0,0.0,,
2050-06-27 03:00:00,,,,,0.806983779577557,0.0,,,,,0.0,0.0,,,,,0.0,0.0,,,,,0.0,0.0,,,,,0.0,0.0,,,,,0.0,0.0,,,,,0.0,0.0,,
2050-06-27 04:00:00,,,,,0.0,0.0,,,,,0.0,0.0,,,,,0.0,0.0,,,,,0.0,0.0,,,,,0.0,0.0,,,,,0.0,0.0,,,,,0.0,0.0,,
2050-06-27 05:00:00,,,,,0.0,0.0,,,,,0.0,0.0,,,,,0.0,0.0,,,,,0.0,0.0,,,,,0.0,0.0,,,,,0.0,0.0,,,,,0.0,0.0,,
2050-06-27 06:00:00,,,,,0.0,0.0,,,,,0.0,0.0,,,,,0.0,0.0,,,,,0.0,0.0,,,,,0.0,0.0,,,,,0.0,0.0,,,,,0.0,0.0,,
2050-06-27 07:00:00,,,,,0.2732520968095513,0.0,,,,,0.7358042026145946,0.0,,,,,0.0,0.0,,,,,0.0,0.0,,,,,0.0,0.0,,,,,0.6207545644052316,0.0,,,,,0.0,0.0,,
2050-06-27 08:00:00,,,,,0.0,0.0,,,,,0.0,0.0,,,,,0.7715278164728545,0.0,,,,,0.0,0.0,,,,,0.0,0.0,,,,,11.808100419989724,0.0,,,,,0.0,0.0,,
2050-06-27 09:00:00,,,,,0.0,0.0,,,,,0.0,0.0,,,,,0.7715278164728545,0.0,,,,,0.0,0.0,,,,,0.0,0.0,,,,,20.918998493732104,0.0,,,,,0.0,0.0,,
2050-06-27 10:00:00,,,,,0.0,0.0,,,,,0.7358042026145946,0.0,,,,,0.0,0.0,,,,,0.0,0.0,,,,,0.0,0.0,,,,,20.52744184494866,0.0,,,,,0.0,0.0,,
2050-06-27 11:00:00,,,,,0.0,0.0,,,,,0.7358042026145946,0.0,,,,,0.0,0.0,,,,,0.0,0.0,,,,,0.0,0.0,,,,,21.420553674804346,0.0,,,,,0.0,0.0,,
2050-06-27 12:00:00,,,,,0.806983779577557,0.0,,,,,0.0,0.0,,,,,0.3756808227762707,0.0,,,,,0.0,0.0,,,,,0.0,0.0,,,,,19.704935072939655,0.0,,,,,0.0,0.0,,
2050-06-27 13:00:00,,,,,0.0,0.0,,,,,0.24915004030312637,0.0,,,,,0.0,0.0,,,,,0.0,0.0,,,,,0.0,0.0,,,,,13.886383094019017,0.0,,,,,0.0,0.0,,
2050-06-27 14:00:00,,,,,0.0,0.0,,,,,0.0,0.0,,,,,0.0,0.0,,,,,0.0,0.0,,,,,0.0,0.0,,,,,9.600101953929077,0.0,,,,,0.0,0.0,,
2050-06-27 15:00:00,,,,,0.0,0.0,,,,,0.0,0.0,,,,,0.0,0.0,,,,,0.0,0.0,,,,,0.0,0.0,,,,,1.0431029641841079,0.0,,,,,0.0,0.0,,
2050-06-27 16:00:00,,,,,0.0,0.0,,,,,0.0,0.0,,,,,0.0,0.0,,,,,0.0,0.0,,,,,0.0,0.0,,,,,0.0,0.0,,,,,0.0,0.0,,
2050-06-27 17:00:00,,,,,0.0,0.0,,,,,0.0,0.0,,,,,0.0,0.0,,,,,0.0,0.0,,,,,0.0,0.0,,,,,0.0,0.0,,,,,0.0,0.0,,
2050-06-27 18:00:00,,,,,0.0,0.0,,,,,0.0,0.0,,,,,0.0,0.0,,,,,0.0,0.0,,,,,0.0,0.0,,,,,0.0,0.0,,,,,0.0,0.0,,
2050-06-27 19:00:00,,,,,0.0,0.0,,,,,0.0,0.0,,,,,0.0,0.0,,,,,0.0,0.0,,,,,0.0,0.0,,,,,0.0,0.0,,,,,0.0,0.0,,
2050-06-27 20:00:00,,,,,0.0,0.0,,,,,0.0,0.0,,,,,0.0,0.0,,,,,0.0,0.0,,,,,0.0,0.0,,,,,0.0,0.0,,,,,0.0,0.0,,
2050-06-27 21:00:00,,,,,0.0,0.0,,,,,0.0,0.0,,,,,0.0,0.0,,,,,0.0,0.0,,,,,0.0,0.0,,,,,0.0,0.0,,,,,0.0,0.0,,
2050-06-27 22:00:00,,,,,0.0,0.0,,,,,0.0,0.0,,,,,0.0,0.0,,,,,0.0,0.0,,,,,0.0,0.0,,,,,0.0,0.0,,,,,0.0,0.0,,
2050-06-27 23:00:00,,,,,0.0,0.0,,,,,0.0,0.0,,,,,0.0,0.0,,,,,0.0,0.0,,,,,0.0,0.0,,,,,0.0,0.0,,,,,0.0,0.0,,
2050-06-28 00:00:00,,,,,0.0,0.0,,,,,0.0,0.0,,,,,0.0,0.0,,,,,0.0,0.0,,,,,0.0,0.0,,,,,0.0,0.0,,,,,0.0,0.0,,
2050-06-28 01:00:00,,,,,0.0,0.0,,,,,0.0,0.0,,,,,0.0,0.0,,,,,0.0,0.0,,,,,0.0,0.0,,,,,0.0,0.0,,,,,0.0,0.0,,
2050-06-28 02:00:00,,,,,0.0,0.0,,,,,0.0,0.0,,,,,0.0,0.0,,,,,0.0,0.0,,,,,0.0,0.0,,,,,0.0,0.0,,,,,0.0,0.0,,
2050-06-28 03:00:00,,,,,0.0,0.0,,,,,0.0,0.0,,,,,0.0,0.0,,,,,0.0,0.0,,,,,0.0,0.0,,,,,0.051466490064272286,0.0,,,,,0.0,0.0,,
2050-06-28 04:00:00,,,,,0.0,0.0,,,,,0.0,0.0,,,,,0.0,0.0,,,,,0.0,0.0,,,,,0.0,0.0,,,,,0.0,0.0,,,,,0.0,0.0,,
2050-06-28 05:00:00,,,,,0.0,0.0,,,,,0.0,0.0,,,,,0.0,0.0,,,,,0.0,0.0,,,,,0.0,0.0,,,,,0.0,0.0,,,,,0.0,0.0,,
2050-06-28 06:00:00,,,,,0.0,0.0,,,,,0.0,0.0,,,,,0.0,0.0,,,,,0.0,0.0,,,,,0.0,0.0,,,,,0.0,0.0,,,,,0.0,0.0,,
2050-06-28 07:00:00,,,,,0.0,0.0,,,,,0.0,0.0,,,,,0.0,0.0,,,,,0.0,0.0,,,,,0.0,0.0,,,,,0.0,0.0,,,,,0.0,0.0,,
2050-06-28 08:00:00,,,,,0.806983779577557,0.0,,,,,0.25969560092279786,0.0,,,,,0.7715278164728545,0.0,,,,,0.0,0.0,,,,,0.0,0.0,,,,,6.803468721886212,0.0,,,,,0.0,0.0,,
2050-06-28 09:00:00,,,,,0.0,0.0,,,,,0.7358042026145946,0.0,,,,,0.7715278164728545,0.0,,,,,0.0,0.0,,,,,0.0,0.0,,,,,13.101219209563265,0.0,,,,,0.0,0.0,,
2050-06-28 10:00:00,,,,,0.1424089022783923,0.0,,,,,0.7358042026145946,0.0,,,,,0.0,0.0,,,,,0.0,0.0,,,,,0.0,0.0,,,,,14.741393390904186,0.0,,,,,0.0,0.0,,
2050-06-28 11:00:00,,,,,0.0,0.0,,,,,0.0,0.0,,,,,0.0,0.0,,,,,0.0,0.0,,,,,0.0,0.0,,,,,15.015368581338358,0.0,,,,,0.0,0.0,,
2050-06-28 12:00:00,,,,,0.0,0.0,,,,,0.0,0.0,,,,,0.0,0.0,,,,,0.0,0.0,,,,,0.0,0.0,,,,,15.150184010315535,0.0,,,,,0.0,0.0,,
2050-06-28 13:00:00,,,,,0.0,0.0,,,,,0.0,0.0,,,,,0.0,0.0,,,,,0.0,0.0,,,,,0.0,0.0,,,,,12.809639634661373,0.0,,,,,0.0,0.0,,
2050-06-28 14:00:00,,,,,0.0,0.0,,,,,0.0,0.0,,,,,0.0,0.0,,,,,0.0,0.0,,,,,0.0,0.0,,,,,7.379239797310369,0.0,,,,,0.0,0.0,,
2050-06-28 15:00:00,,,,,0.0,0.0,,,,,0.0,0.0,,,,,0.0,0.0,,,,,0.0,0.0,,,,,0.0,0.0,,,,,0.0,0.0,,,,,0.0,0.0,,
2050-06-28 16:00:00,,,,,0.0,0.0,,,,,0.0,0.0,,,,,0.0,0.0,,,,,0.0,0.0,,,,,0.0,0.0,,,,,0.0,0.0,,,,,0.0,0.0,,
2050-06-28 17:00:00,,,,,0.0,0.0,,,,,0.0,0.0,,,,,0.0,0.0,,,,,0.0,0.0,,,,,0.0,0.0,,,,,0.0,0.0,,,,,0.0,0.0,,
2050-06-28 18:00:00,,,,,0.0,0.0,,,,,0.0,0.0,,,,,0.0,0.0,,,,,0.0,0.0,,,,,0.0,0.0,,,,,0.0,0.0,,,,,0.0,0.0,,
2050-06-28 19:00:00,,,,,0.0,0.0,,,,,0.0,0.0,,,,,0.0,0.0,,,,,0.0,0.0,,,,,0.0,0.0,,,,,0.0,0.0,,,,,0.0,0.0,,
2050-06-28 20:00:00,,,,,0.0,0.0,,,,,0.0,0.0,,,,,0.0,0.0,,,,,0.0,0.0,,,,,0.0,0.0,,,,,0.0,0.0,,,,,0.0,0.0,,
2050-06-28 21:00:00,,,,,0.0,0.0,,,,,0.0,0.0,,,,,0.0,0.0,,,,,0.0,0.0,,,,,0.0,0.0,,,,,0.0,0.0,,,,,0.0,0.0,,
2050-06-28 22:00:00,,,,,0.0,0.0,,,,,0.0,0.0,,,,,0.0,0.0,,,,,0.0,0.0,,,,,0.0,0.0,,,,,0.0,0.0,,,,,0.0,0.0,,
2050-06-28 23:00:00,,,,,0.0,0.0,,,,,0.0,0.0,,,,,0.0,0.0,,,,,0.0,0.0,,,,,0.0,0.0,,,,,0.0,0.0,,,,,0.0,0.0,,
2050-08-01 00:00:00,,,,,0.0,0.0,,,,,0.0,0.0,,,,,0.0,0.0,,,,,0.0,0.0,,,,,0.0,0.0,,,,,0.0,0.0,,,,,0.0,0.0,,
2050-08-01 01:00:00,,,,,0.0,0.0,,,,,0.0,0.0,,,,,0.0,0.0,,,,,0.0,0.0,,,,,0.0,0.0,,,,,0.0,0.0,,,,,0.0,0.0,,
2050-08-01 02:00:00,,,,,0.0,0.0,,,,,0.0,0.0,,,,,0.0,0.0,,,,,0.0,0.0,,,,,0.0,0.0,,,,,0.0,0.0,,,,,0.0,0.0,,
2050-08-01 03:00:00,,,,,0.0,0.0,,,,,0.0,0.0,,,,,0.0,0.0,,,,,0.0,0.0,,,,,0.0,0.0,,,,,0.0,0.0,,,,,0.0,0.0,,
2050-08-01 04:00:00,,,,,0.0,0.0,,,,,0.0,0.0,,,,,0.0,0.0,,,,,0.0,0.0,,,,,0.0,0.0,,,,,0.0,0.0,,,,,0.0,0.0,,
2050-08-01 05:00:00,,,,,0.0,0.0,,,,,0.0,0.0,,,,,0.0,0.0,,,,,0.0,0.0,,,,,0.0,0.0,,,,,0.0,0.0,,,,,0.0,0.0,,
2050-08-01 06:00:00,,,,,0.0,0.0,,,,,0.0,0.0,,,,,0.0,0.0,,,,,0.0,0.0,,,,,0.0,0.0,,,,,0.0,0.0,,,,,0.0,0.0,,
2050-08-01 07:00:00,,,,,0.0,0.0,,,,,0.0,0.0,,,,,0.0,0.0,,,,,0.0,0.0,,,,,0.0,0.0,,,,,0.0,0.0,,,,,0.0,0.0,,
2050-08-01 08:00:00,,,,,0.806983779577557,0.0,,,,,0.0,0.0,,,,,0.7715278164728545,0.0,,,,,0.0,0.0,,,,,0.0,0.0,,,,,7.1420192481281966,0.0,,,,,0.0,0.0,,
2050-08-01 09:00:00,,,,,0.806983779577557,0.0,,,,,0.7358042026145946,0.0,,,,,0.15360130059384192,0.0,,,,,0.0,0.0,,,,,0.0,0.0,,,,,14.425724647896605,0.0,,,,,0.0,0.0,,
2050-08-01 10:00:00,,,,,0.10815707490627635,0.0,,,,,0.7358042026145946,0.0,,,,,0.7715278164728545,0.0,,,,,0.0,0.0,,,,,0.0,0.0,,,,,16.68389313911554,0.0,,,,,0.0,0.0,,
2050-08-01 11:00:00,,,,,0.0,0.0,,,,,0.0,0.0,,,,,0.0,0.0,,,,,0.0,0.0,,,,,0.0,0.0,,,,,17.32104582337392,0.0,,,,,0.0,0.0,,
2050-08-01 12:00:00,,,,,0.0,0.0,,,,,0.0,0.0,,,,,0.0,0.0,,,,,0.0,0.0,,,,,0.0,0.0,,,,,17.24917225919932,0.0,,,,,0.0,0.0,,
2050-08-01 13:00:00,,,,,0.0,0.0,,,,,0.0,0.0,,,,,0.0,0.0,,,,,0.0,0.0,,,,,0.0,0.0,,,,,15.330139344185852,0.0,,,,,0.0,0.0,,
2050-08-01 14:00:00,,,,,0.0,0.0,,,,,0.0,0.0,,,,,0.0,0.0,,,,,0.0,0.0,,,,,0.0,0.0,,,,,9.885219409194256,0.0,,,,,0.0,0.0,,
2050-08-01 15:00:00,,,,,0.0,0.0,,,,,0.0,0.0,,,,,0.0,0.0,,,,,0.0,0.0,,,,,0.0,0.0,,,,,1.5081319668526376,0.0,,,,,0.0,0.0,,
2050-08-01 16:00:00,,,,,0.0,0.0,,,,,0.0,0.0,,,,,0.0,0.0,,,,,0.0,0.0,,,,,0.0,0.0,,,,,0.0,0.0,,,,,0.0,0.0,,
2050-08-01 17:00:00,,,,,0.0,0.0,,,,,0.0,0.0,,,,,0.0,0.0,,,,,0.0,0.0,,,,,0.0,0.0,,,,,0.0,0.0,,,,,0.0,0.0,,
2050-08-01 18:00:00,,,,,0.0,0.0,,,,,0.0,0.0,,,,,0.0,0.0,,,,,0.0,0.0,,,,,0.0,0.0,,,,,0.0,0.0,,,,,0.0,0.0,,
2050-08-01 19:00:00,,,,,0.0,0.0,,,,,0.0,0.0,,,,,0.0,0.0,,,,,0.0,0.0,,,,,0.0,0.0,,,,,0.0,0.0,,,,,0.0,0.0,,
2050-08-01 20:00:00,,,,,0.0,0.0,,,,,0.0,0.0,,,,,0.0,0.0,,,,,0.0,0.0,,,,,0.0,0.0,,,,,0.0,0.0,,,,,0.0,0.0,,
2050-08-01 21:00:00,,,,,0.0,0.0,,,,,0.0,0.0,,,,,0.0,0.0,,,,,0.0,0.0,,,,,0.0,0.0,,,,,0.0,0.0,,,,,0.0,0.0,,
2050-08-01 22:00:00,,,,,0.0,0.0,,,,,0.0,0.0,,,,,0.0,0.0,,,,,0.0,0.0,,,,,0.0,0.0,,,,,0.0,0.0,,,,,0.0,0.0,,
2050-08-01 23:00:00,,,,,0.0,0.0,,,,,0.0,0.0,,,,,0.0,0.0,,,,,0.0,0.0,,,,,0.0,0.0,,,,,0.0,0.0,,,,,0.0,0.0,,
2050-08-02 00:00:00,,,,,0.0,0.0,,,,,0.0,0.0,,,,,0.0,0.0,,,,,0.0,0.0,,,,,0.0,0.0,,,,,0.0,0.0,,,,,0.0,0.0,,
2050-08-02 01:00:00,,,,,0.0,0.0,,,,,0.0,0.0,,,,,0.0,0.0,,,,,0.0,0.0,,,,,0.0,0.0,,,,,0.0,0.0,,,,,0.0,0.0,,
2050-08-02 02:00:00,,,,,0.0,0.0,,,,,0.0,0.0,,,,,0.0,0.0,,,,,0.0,0.0,,,,,0.0,0.0,,,,,0.0,0.0,,,,,0.0,0.0,,
2050-08-02 03:00:00,,,,,0.0,0.0,,,,,0.0,0.0,,,,,0.0,0.0,,,,,0.0,0.0,,,,,0.0,0.0,,,,,0.0,0.0,,,,,0.0,0.0,,
2050-08-02 04:00:00,,,,,0.0,0.0,,,,,0.0,0.0,,,,,0.0,0.0,,,,,0.0,0.0,,,,,0.0,0.0,,,,,0.0,0.0,,,,,0.0,0.0,,
2050-08-02 05:00:00,,,,,0.0,0.0,,,,,0.0,0.0,,,,,0.0,0.0,,,,,0.0,0.0,,,,,0.0,0.0,,,,,0.0,0.0,,,,,0.0,0.0,,
2050-08-02 06:00:00,,,,,0.0,0.0,,,,,0.0,0.0,,,,,0.0,0.0,,,,,0.0,0.0,,,,,0.0,0.0,,,,,0.0,0.0,,,,,0.0,0.0,,
2050-08-02 07:00:00,,,,,0.0,0.0,,,,,0.0,0.0,,,,,0.0,0.0,,,,,0.0,0.0,,,,,0.0,0.0,,,,,0.0,0.0,,,,,0.0,0.0,,
2050-08-02 08:00:00,,,,,0.806983779577557,0.0,,,,,0.7358042026145946,0.0,,,,,0.0,0.0,,,,,0.0,0.0,,,,,0.0,0.0,,,,,6.451839428115164,0.0,,,,,0.0,0.0,,
2050-08-02 09:00:00,,,,,0.41878597864222955,0.0,,,,,0.7358042026145946,0.0,,,,,0.0,0.0,,,,,0.0,0.0,,,,,0.0,0.0,,,,,13.688636660188184,0.0,,,,,0.0,0.0,,
2050-08-02 10:00:00,,,,,0.0,0.0,,,,,0.0,0.0,,,,,0.7715278164728545,0.0,,,,,0.0,0.0,,,,,0.0,0.0,,,,,15.72350813932534,0.0,,,,,0.0,0.0,,
2050-08-02 11:00:00,,,,,0.0,0.0,,,,,0.0,0.0,,,,,0.0,0.0,,,,,0.0,0.0,,,,,0.0,0.0,,,,,16.499575559354696,0.0,,,,,0.0,0.0,,
2050-08-02 12:00:00,,,,,0.0,0.0,,,,,0.0,0.0,,,,,0.0,0.0,,,,,0.0,0.0,,,,,0.0,0.0,,,,,17.184045611502874,0.0,,,,,0.0,0.0,,
2050-08-02 13:00:00,,,,,0.0,0.0,,,,,0.0,0.0,,,,,0.0,0.0,,,,,0.0,0.0,,,,,0.0,0.0,,,,,15.021008816386313,0.0,,,,,0.0,0.0,,
2050-08-02 14:00:00,,,,,0.0,0.0,,,,,0.0,0.0,,,,,0.0,0.0,,,,,0.0,0.0,,,,,0.0,0.0,,,,,10.06106124198773,0.0,,,,,0.0,0.0,,
2050-08-02 15:00:00,,,,,0.0,0.0,,,,,0.0,0.0,,,,,0.0,0.0,,,,,0.0,0.0,,,,,0.0,0.0,,,,,2.335189192747521,0.0,,,,,0.0,0.0,,
2050-08-02 16:00:00,,,,,0.0,0.0,,,,,0.0,0.0,,,,,0.0,0.0,,,,,0.0,0.0,,,,,0.0,0.0,,,,,0.0,0.0,,,,,0.0,0.0,,
2050-08-02 17:00:00,,,,,0.0,0.0,,,,,0.0,0.0,,,,,0.0,0.0,,,,,0.0,0.0,,,,,0.0,0.0,,,,,0.0,0.0,,,,,0.0,0.0,,
2050-08-02 18:00:00,,,,,0.0,0.0,,,,,0.0,0.0,,,,,0.0,0.0,,,,,0.0,0.0,,,,,0.0,0.0,,,,,0.0,0.0,,,,,0.0,0.0,,
2050-08-02 19:00:00,,,,,0.0,0.0,,,,,0.0,0.0,,,,,0.0,0.0,,,,,0.0,0.0,,,,,0.0,0.0,,,,,0.0,0.0,,,,,0.0,0.0,,
2050-08-02 20:00:00,,,,,0.0,0.0,,,,,0.0,0.0,,,,,0.0,0.0,,,,,0.0,0.0,,,,,0.0,0.0,,,,,0.0,0.0,,,,,0.0,0.0,,
2050-08-02 21:00:00,,,,,0.0,0.0,,,,,0.0,0.0,,,,,0.0,0.0,,,,,0.0,0.0,,,,,0.0,0.0,,,,,0.0,0.0,,,,,0.0,0.0,,
2050-08-02 22:00:00,,,,,0.0,0.0,,,,,0.0,0.0,,,,,0.0,0.0,,,,,0.0,0.0,,,,,0.0,0.0,,,,,0.0,0.0,,,,,0.0,0.0,,
2050-08-02 23:00:00,,,,,0.0,0.0,,,,,0.0,0.0,,,,,0.0,0.0,,,,,0.0,0.0,,,,,0.0,0.0,,,,,0.0,0.0,,,,,0.0,0.0,,
2050-08-03 00:00:00,,,,,0.0,0.0,,,,,0.0,0.0,,,,,0.0,0.0,,,,,0.0,0.0,,,,,0.0,0.0,,,,,0.0,0.0,,,,,0.0,0.0,,
2050-08-03 01:00:00,,,,,0.0,0.0,,,,,0.0,0.0,,,,,0.0,0.0,,,,,0.0,0.0,,,,,0.0,0.0,,,,,0.0,0.0,,,,,0.0,0.0,,
2050-08-03 02:00:00,,,,,0.0,0.0,,,,,0.0,0.0,,,,,0.0,0.0,,,,,0.0,0.0,,,,,0.0,0.0,,,,,0.0,0.0,,,,,0.0,0.0,,
2050-08-03 03:00:00,,,,,0.0,0.0,,,,,0.0,0.0,,,,,0.0,0.0,,,,,0.0,0.0,,,,,0.0,0.0,,,,,0.0,0.0,,,,,0.0,0.0,,
2050-08-03 04:00:00,,,,,0.0,0.0,,,,,0.0,0.0,,,,,0.0,0.0,,,,,0.0,0.0,,,,,0.0,0.0,,,,,0.0,0.0,,,,,0.0,0.0,,
2050-08-03 05:00:00,,,,,0.0,0.0,,,,,0.0,0.0,,,,,0.0,0.0,,,,,0.0,0.0,,,,,0.0,0.0,,,,,0.0,0.0,,,,,0.0,0.0,,
2050-08-03 06:00:00,,,,,0.0,0.0,,,,,0.0,0.0,,,,,0.0,0.0,,,,,0.0,0.0,,,,,0.0,0.0,,,,,0.0,0.0,,,,,0.0,0.0,,
2050-08-03 07:00:00,,,,,0.0,0.0,,,,,0.12345372288190648,0.0,,,,,0.0,0.0,,,,,0.0,0.0,,,,,0.0,0.0,,,,,0.0,0.0,,,,,0.0,0.0,,
2050-08-03 08:00:00,,,,,0.30679143774480644,0.0,,,,,0.7358042026145946,0.0,,,,,0.7715278164728545,0.0,,,,,0.0,0.0,,,,,0.0,0.0,,,,,2.076729731940272,0.0,,,,,0.0,0.0,,
2050-08-03 09:00:00,,,,,0.806983779577557,0.0,,,,,0.7358042026145946,0.0,,,,,0.2143718613649539,0.0,,,,,0.0,0.0,,,,,0.0,0.0,,,,,12.568733867551046,0.0,,,,,0.0,0.0,,
2050-08-03 10:00:00,,,,,0.6354491451752822,0.0,,,,,0.0,0.0,,,,,0.7715278164728545,0.0,,,,,0.0,0.0,,,,,0.0,0.0,,,,,18.12838641955595,0.0,,,,,0.0,0.0,,
2050-08-03 11:00:00,,,,,0.0,0.0,,,,,0.0,0.0,,,,,0.0,0.0,,,,,0.0,0.0,,,,,0.0,0.0,,,,,21.409612403647536,0.0,,,,,0.0,0.0,,
2050-08-03 12:00:00,,,,,0.0,0.0,,,,,0.0,0.0,,,,,0.0,0.0,,,,,0.0,0.0,,,,,0.0,0.0,,,,,22.476344302480022,0.0,,,,,0.0,0.0,,
2050-08-03 13:00:00,,,,,0.0,0.0,,,,,0.0,0.0,,,,,0.0,0.0,,,,,0.0,0.0,,,,,0.0,0.0,,,,,20.527313708266007,0.0,,,,,0.0,0.0,,
2050-08-03 14:00:00,,,,,0.0,0.0,,,,,0.0,0.0,,,,,0.0,0.0,,,,,0.0,0.0,,,,,0.0,0.0,,,,,15.362506549595942,0.0,,,,,0.0,0.0,,
2050-08-03 15:00:00,,,,,0.0,0.0,,,,,0.0,0.0,,,,,0.0,0.0,,,,,0.0,0.0,,,,,0.0,0.0,,,,,6.98074509991514,0.0,,,,,0.0,0.0,,
2050-08-03 16:00:00,,,,,0.0,0.0,,,,,0.0,0.0,,,,,0.0,0.0,,,,,0.0,0.0,,,,,0.0,0.0,,,,,0.0,0.0,,,,,0.0,0.0,,
2050-08-03 17:00:00,,,,,0.0,0.0,,,,,0.0,0.0,,,,,0.0,0.0,,,,,0.0,0.0,,,,,0.0,0.0,,,,,0.0,0.0,,,,,0.0,0.0,,
2050-08-03 18:00:00,,,,,0.0,0.0,,,,,0.0,0.0,,,,,0.0,0.0,,,,,0.0,0.0,,,,,0.0,0.0,,,,,0.0,0.0,,,,,0.0,0.0,,
2050-08-03 19:00:00,,,,,0.0,0.0,,,,,0.0,0.0,,,,,0.0,0.0,,,,,0.0,0.0,,,,,0.0,0.0,,,,,0.0,0.0,,,,,0.0,0.0,,
2050-08-03 20:00:00,,,,,0.0,0.0,,,,,0.0,0.0,,,,,0.0,0.0,,,,,0.0,0.0,,,,,0.0,0.0,,,,,0.0,0.0,,,,,0.0,0.0,,
2050-08-03 21:00:00,,,,,0.0,0.0,,,,,0.0,0.0,,,,,0.0,0.0,,,,,0.0,0.0,,,,,0.0,0.0,,,,,0.0,0.0,,,,,0.0,0.0,,
2050-08-03 22:00:00,,,,,0.0,0.0,,,,,0.0,0.0,,,,,0.0,0.0,,,,,0.0,0.0,,,,,0.0,0.0,,,,,0.0,0.0,,,,,0.0,0.0,,
2050-08-03 23:00:00,,,,,0.0,0.0,,,,,0.0,0.0,,,,,0.0,0.0,,,,,0.0,0.0,,,,,0.0,0.0,,,,,0.0,0.0,,,,,0.0,0.0,,
2050-08-27 00:00:00,,,,,0.0,0.0,,,,,0.0,0.0,,,,,0.0,0.0,,,,,0.0,0.0,,,,,0.0,0.0,,,,,0.0,0.0,,,,,0.0,0.0,,
2050-08-27 01:00:00,,,,,0.0,0.0,,,,,0.0,0.0,,,,,0.0,0.0,,,,,0.0,0.0,,,,,0.0,0.0,,,,,0.0,0.0,,,,,0.0,0.0,,
2050-08-27 02:00:00,,,,,0.0,0.0,,,,,0.0,0.0,,,,,0.0,0.0,,,,,0.0,0.0,,,,,0.0,0.0,,,,,0.0,0.0,,,,,0.0,0.0,,
2050-08-27 03:00:00,,,,,0.0,0.0,,,,,0.0,0.0,,,,,0.0,0.0,,,,,0.0,0.0,,,,,0.0,0.0,,,,,0.0,0.0,,,,,0.0,0.0,,
2050-08-27 04:00:00,,,,,0.0,0.0,,,,,0.0,0.0,,,,,0.0,0.0,,,,,0.0,0.0,,,,,0.0,0.0,,,,,0.0,0.0,,,,,0.0,0.0,,
2050-08-27 05:00:00,,,,,0.0,0.0,,,,,0.0,0.0,,,,,0.0,0.0,,,,,0.0,0.0,,,,,0.0,0.0,,,,,0.0,0.0,,,,,0.0,0.0,,
2050-08-27 06:00:00,,,,,0.0,0.0,,,,,0.0,0.0,,,,,0.0,0.0,,,,,0.0,0.0,,,,,0.0,0.0,,,,,0.0,0.0,,,,,0.0,0.0,,
2050-08-27 07:00:00,,,,,0.0,0.0,,,,,0.0,0.0,,,,,0.0,0.0,,,,,0.0,5.643131009557322,,,,,0.0,0.678974923137857,,,,,0.0,0.0,,,,,0.0,1.2875588893382026,,
2050-08-27 08:00:00,,,,,0.806983779577557,0.0,,,,,0.7358042026145946,0.0,,,,,0.4419866833009009,0.0,,,,,0.0,5.643131009557322,,,,,0.0,1.7211288597445886,,,,,6.3928342754793235,2.0710735979988115,,,,,0.0,1.2875588893382026,,
2050-08-27 09:00:00,,,,,0.806983779577557,0.0,,,,,0.7358042026145946,0.0,,,,,0.0,0.0,,,,,0.0,5.643131009557322,,,,,0.0,1.7211288597445886,,,,,16.266531343511225,2.0710735979988115,,,,,0.0,1.2875588893382026,,
2050-08-27 10:00:00,,,,,0.806983779577557,0.0,,,,,0.31053847363378173,0.0,,,,,0.7715278164728545,0.0,,,,,0.0,5.643131009557322,,,,,0.0,1.7211288597445886,,,,,20.459419102788473,2.0710735979988115,,,,,0.0,1.2875588893382026,,
2050-08-27 11:00:00,,,,,0.806983779577557,0.0,,,,,0.7358042026145946,0.0,,,,,0.7715278164728545,0.0,,,,,0.0,5.643131009557322,,,,,0.0,1.7211288597445886,,,,,22.095469347287874,2.0710735979988115,,,,,0.0,1.2875588893382026,,
2050-08-27 12:00:00,,,,,0.27325209680955087,0.0,,,,,0.6744157692839394,0.0,,,,,0.7715278164728545,0.0,,,,,0.0,5.643131009557322,,,,,0.0,1.7211288597445886,,,,,21.529915463093346,2.0710735979988115,,,,,0.0,1.2875588893382026,,
2050-08-27 13:00:00,,,,,0.0,0.0,,,,,0.0,0.0,,,,,0.5907875162262247,0.0,,,,,0.0,5.643131009557322,,,,,0.0,1.7211288597445886,,,,,19.02127259081047,2.0710735979988115,,,,,0.0,1.2875588893382026,,
2050-08-27 14:00:00,,,,,0.0,0.0,,,,,0.0,0.0,,,,,0.0,0.0,,,,,0.0,5.643131009557322,,,,,0.0,1.7211288597445886,,,,,11.96167854658357,2.0710735979988115,,,,,0.0,1.2875588893382026,,
2050-08-27 15:00:00,,,,,0.0,0.0,,,,,0.0,0.0,,,,,0.0,0.0,,,,,0.0,4.889359614402314,,,,,0.0,1.7211288597445886,,,,,1.8032514133976463,2.0710735979988115,,,,,0.0,1.2875588893382026,,
2050-08-27 16:00:00,,,,,0.0,0.0,,,,,0.0,0.0,,,,,0.0,0.0,,,,,0.0,0.0,,,,,0.0,0.0,,,,,0.0,0.0,,,,,0.0,0.0,,
2050-08-27 17:00:00,,,,,0.0,0.0,,,,,0.0,0.0,,,,,0.0,0.0,,,,,0.0,0.0,,,,,0.0,0.0,,,,,0.0,0.0,,,,,0.0,0.0,,
2050-08-27 18:00:00,,,,,0.0,0.0,,,,,0.0,0.0,,,,,0.0,0.0,,,,,0.0,0.0,,,,,0.0,0.0,,,,,0.0,0.0,,,,,0.0,0.0,,
2050-08-27 19:00:00,,,,,0.0,0.0,,,,,0.0,0.0,,,,,0.0,0.0,,,,,0.0,0.0,,,,,0.0,0.0,,,,,0.0,0.0,,,,,0.0,0.0,,
2050-08-27 20:00:00,,,,,0.0,0.0,,,,,0.0,0.0,,,,,0.0,0.0,,,,,0.0,0.0,,,,,0.0,0.0,,,,,0.0,0.0,,,,,0.0,0.0,,
2050-08-27 21:00:00,,,,,0.0,0.0,,,,,0.0,0.0,,,,,0.0,0.0,,,,,0.0,0.0,,,,,0.0,0.0,,,,,0.0,0.0,,,,,0.0,0.0,,
2050-08-27 22:00:00,,,,,0.0,0.0,,,,,0.0,0.0,,,,,0.0,0.0,,,,,0.0,0.0,,,,,0.0,0.0,,,,,0.0,0.0,,,,,0.0,0.0,,
2050-08-27 23:00:00,,,,,0.0,0.0,,,,,0.0,0.0,,,,,0.0,0.0,,,,,0.0,0.0,,,,,0.0,0.0,,,,,0.0,0.0,,,,,0.0,0.0,,
2050-08-28 00:00:00,,,,,0.0,0.0,,,,,0.0,0.0,,,,,0.0,0.0,,,,,0.0,0.0,,,,,0.0,0.0,,,,,0.0,0.0,,,,,0.0,0.0,,
2050-08-28 01:00:00,,,,,0.0,0.0,,,,,0.0,0.0,,,,,0.0,0.0,,,,,0.0,0.0,,,,,0.0,0.0,,,,,0.0,0.0,,,,,0.0,0.0,,
2050-08-28 02:00:00,,,,,0.0,0.0,,,,,0.0,0.0,,,,,0.0,0.0,,,,,0.0,0.0,,,,,0.0,0.0,,,,,0.0,0.0,,,,,0.0,0.0,,
2050-08-28 03:00:00,,,,,0.0,0.0,,,,,0.0,0.0,,,,,0.0,0.0,,,,,0.0,0.0,,,,,0.0,0.0,,,,,0.0,0.0,,,,,0.0,0.0,,
2050-08-28 04:00:00,,,,,0.0,0.0,,,,,0.0,0.0,,,,,0.0,0.0,,,,,0.0,0.0,,,,,0.0,0.0,,,,,0.0,0.0,,,,,0.0,0.0,,
2050-08-28 05:00:00,,,,,0.0,0.0,,,,,0.0,0.0,,,,,0.0,0.0,,,,,0.0,0.0,,,,,0.0,0.0,,,,,0.0,0.0,,,,,0.0,0.0,,
2050-08-28 06:00:00,,,,,0.0,0.0,,,,,0.0,0.0,,,,,0.0,0.0,,,,,0.0,0.0,,,,,0.0,0.0,,,,,0.0,0.0,,,,,0.0,0.0,,
2050-08-28 07:00:00,,,,,0.0,0.0,,,,,0.0,0.0,,,,,0.0,0.0,,,,,0.0,0.0,,,,,0.0,0.0,,,,,1.6977301328096388,0.0,,,,,0.0,0.0,,
2050-08-28 08:00:00,,,,,0.0,0.0,,,,,0.0,0.0,,,,,0.0,0.0,,,,,0.0,0.0,,,,,0.0,0.0,,,,,8.861353285924716,0.0,,,,,0.0,0.0,,
2050-08-28 09:00:00,,,,,0.0,0.0,,,,,0.7358042026145946,0.0,,,,,0.0,0.0,,,,,0.0,0.0,,,,,0.0,0.0,,,,,10.280846757497997,0.0,,,,,0.0,0.0,,
2050-08-28 10:00:00,,,,,0.2848178045567842,0.0,,,,,0.7358042026145946,0.0,,,,,0.7715278164728545,0.0,,,,,0.0,0.0,,,,,0.0,0.0,,,,,7.200850616073314,0.0,,,,,0.0,0.0,,
2050-08-28 11:00:00,,,,,0.0,0.0,,,,,0.5432011000181949,0.0,,,,,0.0,0.0,,,,,0.0,0.0,,,,,0.0,0.0,,,,,10.088232116246754,0.0,,,,,0.0,0.0,,
2050-08-28 12:00:00,,,,,0.806983779577557,0.0,,,,,0.0,0.0,,,,,0.7715278164728545,0.0,,,,,0.0,0.0,,,,,0.0,0.0,,,,,12.569242978881604,0.0,,,,,0.0,0.0,,
2050-08-28 13:00:00,,,,,0.806983779577557,0.0,,,,,0.0,0.0,,,,,0.0,0.0,,,,,0.0,0.0,,,,,0.0,0.0,,,,,12.564395202153861,0.0,,,,,0.0,0.0,,
2050-08-28 14:00:00,,,,,0.0,0.0,,,,,0.0,0.0,,,,,0.0,0.0,,,,,0.0,0.0,,,,,0.0,0.0,,,,,5.75223597629919,0.0,,,,,0.0,0.0,,
2050-08-28 15:00:00,,,,,0.0,0.0,,,,,0.0,0.0,,,,,0.0,0.0,,,,,0.0,0.0,,,,,0.0,0.0,,,,,0.0,0.0,,,,,0.0,0.0,,
2050-08-28 16:00:00,,,,,0.0,0.0,,,,,0.0,0.0,,,,,0.0,0.0,,,,,0.0,0.0,,,,,0.0,0.0,,,,,0.0,0.0,,,,,0.0,0.0,,
2050-08-28 17:00:00,,,,,0.0,0.0,,,,,0.0,0.0,,,,,0.0,0.0,,,,,0.0,0.0,,,,,0.0,0.0,,,,,0.0,0.0,,,,,0.0,0.0,,
2050-08-28 18:00:00,,,,,0.0,0.0,,,,,0.0,0.0,,,,,0.0,0.0,,,,,0.0,0.0,,,,,0.0,0.0,,,,,0.0,0.0,,,,,0.0,0.0,,
2050-08-28 19:00:00,,,,,0.0,0.0,,,,,0.0,0.0,,,,,0.0,0.0,,,,,0.0,0.0,,,,,0.0,0.0,,,,,0.0,0.0,,,,,0.0,0.0,,
2050-08-28 20:00:00,,,,,0.0,0.0,,,,,0.0,0.0,,,,,0.0,0.0,,,,,0.0,0.0,,,,,0.0,0.0,,,,,0.0,0.0,,,,,0.0,0.0,,
2050-08-28 21:00:00,,,,,0.0,0.0,,,,,0.0,0.0,,,,,0.0,0.0,,,,,0.0,0.0,,,,,0.0,0.0,,,,,0.0,0.0,,,,,0.0,0.0,,
2050-08-28 22:00:00,,,,,0.0,0.0,,,,,0.0,0.0,,,,,0.0,0.0,,,,,0.0,0.0,,,,,0.0,0.0,,,,,0.0,0.0,,,,,0.0,0.0,,
2050-08-28 23:00:00,,,,,0.0,0.0,,,,,0.0,0.0,,,,,0.0,0.0,,,,,0.0,0.0,,,,,0.0,0.0,,,,,0.0,0.0,,,,,0.0,0.0,,
2050-11-06 00:00:00,,,,,0.0,0.0,,,,,0.0,0.0,,,,,0.0,0.0,,,,,0.0,5.643131009557322,,,,,0.0,1.7211288597445886,,,,,0.7649548410331413,2.0710735979988115,,,,,0.0,1.2875588893382026,,
2050-11-06 01:00:00,,,,,0.0,0.0,,,,,0.0,0.0,,,,,0.0,0.0,,,,,0.0,5.643131009557322,,,,,0.0,1.7211288597445886,,,,,0.5789946725880686,2.0710735979988115,,,,,0.0,1.2875588893382026,,
2050-11-06 02:00:00,,,,,0.0,0.0,,,,,0.0,0.0,,,,,0.0,0.0,,,,,0.0,5.643131009557322,,,,,0.0,1.604200656818271,,,,,0.0,2.0710735979988115,,,,,0.0,1.2875588893382026,,
2050-11-06 03:00:00,,,,,0.0,0.0,,,,,0.0,0.0,,,,,0.5729440191911422,0.0,,,,,0.0,5.643131009557322,,,,,0.0,1.7211288597445886,,,,,0.0,2.0710735979988115,,,,,0.0,1.2875588893382026,,
2050-11-06 04:00:00,,,,,0.0,0.0,,,,,0.46981998143860265,0.0,,,,,0.0,0.0,,,,,0.0,5.643131009557322,,,,,0.0,1.7211288597445886,,,,,0.0,2.0710735979988115,,,,,0.0,1.2875588893382026,,
2050-11-06 05:00:00,,,,,0.0,0.0,,,,,0.0,0.0,,,,,0.0,0.0,,,,,0.0,5.643131009557322,,,,,0.0,1.7211288597445886,,,,,0.0,0.3194023731370954,,,,,0.0,1.2875588893382026,,
2050-11-06 06:00:00,,,,,0.0,0.0,,,,,0.0,0.0,,,,,0.0,0.0,,,,,0.0,5.643131009557322,,,,,0.0,1.7211288597445886,,,,,0.0,2.0710735979988115,,,,,0.0,1.2875588893382026,,
2050-11-06 07:00:00,,,,,0.0,0.0,,,,,0.0,0.0,,,,,0.0,0.0,,,,,0.0,5.643131009557322,,,,,0.0,1.7211288597445886,,,,,0.0,2.0710735979988115,,,,,0.0,1.2875588893382026,,
2050-11-06 08:00:00,,,,,0.0,0.0,,,,,0.0,0.0,,,,,0.0,0.0,,,,,0.0,5.643131009557322,,,,,0.0,1.7211288597445886,,,,,0.0,2.0710735979988115,,,,,0.0,1.2875588893382026,,
2050-11-06 09:00:00,,,,,0.0,0.0,,,,,0.0,0.0,,,,,0.0,0.0,,,,,0.0,5.643131009557322,,,,,0.0,1.7211288597445886,,,,,10.499908118745012,2.0710735979988115,,,,,0.0,1.2875588893382026,,
2050-11-06 10:00:00,,,,,0.0,0.0,,,,,0.0,0.0,,,,,0.0,0.0,,,,,0.0,5.643131009557322,,,,,0.0,1.7211288597445886,,,,,17.64829734078605,2.0710735979988115,,,,,0.0,1.2875588893382026,,
2050-11-06 11:00:00,,,,,0.0,0.0,,,,,0.0,0.0,,,,,0.0,0.0,,,,,0.0,5.643131009557322,,,,,0.0,1.7211288597445886,,,,,21.02787536377118,2.0710735979988115,,,,,0.0,1.2875588893382026,,
2050-11-06 12:00:00,,,,,0.0,0.0,,,,,0.7358042026145946,0.0,,,,,0.0,0.0,,,,,0.0,5.643131009557322,,,,,0.0,1.7211288597445886,,,,,21.74868268485575,2.0710735979988115,,,,,0.0,1.2875588893382026,,
2050-11-06 13:00:00,,,,,0.4514183008775346,0.0,,,,,0.7358042026145946,0.0,,,,,0.7715278164728545,0.0,,,,,0.0,5.643131009557322,,,,,0.0,1.7211288597445886,,,,,19.431226756260713,2.0710735979988115,,,,,0.0,1.2875588893382026,,
2050-11-06 14:00:00,,,,,0.806983779577557,0.0,,,,,0.7358042026145946,0.0,,,,,0.0,0.0,,,,,0.0,5.643131009557322,,,,,0.0,1.7211288597445886,,,,,15.453052415904182,2.0710735979988115,,,,,0.0,1.2875588893382026,,
2050-11-06 15:00:00,,,,,0.0,0.0,,,,,0.7358042026145946,0.0,,,,,0.7715278164728545,0.0,,,,,0.0,5.643131009557322,,,,,0.0,1.7211288597445886,,,,,7.5066354006711435,2.0710735979988115,,,,,0.0,1.2875588893382026,,
2050-11-06 16:00:00,,,,,0.0,0.0,,,,,0.0,0.0,,,,,0.0,0.0,,,,,0.0,5.643131009557322,,,,,0.0,1.7211288597445886,,,,,0.0,2.0710735979988115,,,,,0.0,1.2875588893382026,,
2050-11-06 17:00:00,,,,,0.0,0.0,,,,,0.0,0.0,,,,,0.0,0.0,,,,,0.0,5.643131009557322,,,,,0.0,1.7211288597445886,,,,,0.0,2.0710735979988115,,,,,0.0,1.2875588893382026,,
2050-11-06 18:00:00,,,,,0.0,0.0,,,,,0.0,0.0,,,,,0.0,0.0,,,,,0.0,5.643131009557322,,,,,0.0,1.7211288597445886,,,,,0.0,2.0710735979988115,,,,,0.0,1.2875588893382026,,
2050-11-06 19:00:00,,,,,0.0,0.0,,,,,0.0,0.0,,,,,0.0,0.0,,,,,0.0,5.643131009557322,,,,,0.0,1.7211288597445886,,,,,0.0,2.0710735979988115,,,,,0.0,1.2875588893382026,,
2050-11-06 20:00:00,,,,,0.0,0.0,,,,,0.0,0.0,,,,,0.0,0.0,,,,,0.0,5.643131009557322,,,,,0.0,1.7211288597445886,,,,,0.0,2.0710735979988115,,,,,0.0,1.2875588893382026,,
2050-11-06 21:00:00,,,,,0.0,0.0,,,,,0.0,0.0,,,,,0.0,0.0,,,,,0.0,5.643131009557322,,,,,0.0,1.7211288597445886,,,,,0.0,2.0710735979988115,,,,,0.0,1.2875588893382026,,
2050-11-06 22:00:00,,,,,0.0,0.0,,,,,0.0,0.0,,,,,0.0,0.0,,,,,0.0,5.643131009557322,,,,,0.0,1.7211288597445886,,,,,0.0,2.0710735979988115,,,,,0.0,1.2875588893382026,,
2050-11-06 23:00:00,,,,,0.0,0.0,,,,,0.0,0.0,,,,,0.0,0.0,,,,,0.0,5.643131009557322,,,,,0.0,1.7211288597445886,,,,,0.0,2.0710735979988115,,,,,0.0,1.2875588893382026,,
2050-11-07 00:00:00,,,,,0.640383283256807,0.0,,,,,0.0,0.0,,,,,0.7715278164728545,0.0,,,,,0.0,5.643131009557322,,,,,0.0,1.7211288597445886,,,,,9.118020170921621,2.0710735979988115,,,,,0.0,1.2875588893382026,,
2050-11-07 01:00:00,,,,,0.0,0.0,,,,,0.0,0.0,,,,,0.0,0.0,,,,,0.0,5.643131009557322,,,,,0.0,1.7211288597445886,,,,,0.0,2.0710735979988115,,,,,0.0,1.2875588893382026,,
2050-11-07 02:00:00,,,,,0.0,0.0,,,,,0.0,0.0,,,,,0.0,0.0,,,,,0.0,5.643131009557322,,,,,0.0,1.7211288597445886,,,,,0.0,2.0710735979988115,,,,,0.0,1.2875588893382026,,
2050-11-07 03:00:00,,,,,0.0,0.0,,,,,0.0,0.0,,,,,0.0,0.0,,,,,0.0,5.643131009557322,,,,,0.0,1.7211288597445886,,,,,0.0,2.0710735979988115,,,,,0.0,1.2875588893382026,,
2050-11-07 04:00:00,,,,,0.0,0.0,,,,,0.0,0.0,,,,,0.0,0.0,,,,,0.0,5.643131009557322,,,,,0.0,1.7211288597445886,,,,,0.0,2.0710735979988115,,,,,0.0,1.2875588893382026,,
2050-11-07 05:00:00,,,,,0.0,0.0,,,,,0.0,0.0,,,,,0.0,0.0,,,,,0.0,5.643131009557322,,,,,0.0,1.7211288597445886,,,,,0.0,2.0710735979988115,,,,,0.0,1.2875588893382026,,
2050-11-07 06:00:00,,,,,0.0,0.0,,,,,0.0,0.0,,,,,0.0,0.0,,,,,0.0,5.643131009557322,,,,,0.0,1.7211288597445886,,,,,0.0,2.0710735979988115,,,,,0.0,1.2875588893382026,,
2050-11-07 07:00:00,,,,,0.0,0.0,,,,,0.0,0.0,,,,,0.0,0.0,,,,,0.0,5.643131009557322,,,,,0.0,1.7211288597445886,,,,,0.0,2.0710735979988115,,,,,0.0,1.2875588893382026,,
2050-11-07 08:00:00,,,,,0.0,0.0,,,,,0.0,0.0,,,,,0.0,0.0,,,,,0.0,5.643131009557322,,,,,0.0,1.7211288597445886,,,,,0.0,2.0710735979988115,,,,,0.0,1.2875588893382026,,
2050-11-07 09:00:00,,,,,0.0,0.0,,,,,0.0,0.0,,,,,0.0,0.0,,,,,0.0,5.643131009557322,,,,,0.0,1.7211288597445886,,,,,9.84765729196426,2.0710735979988115,,,,,0.0,1.2875588893382026,,
2050-11-07 10:00:00,,,,,0.0,0.0,,,,,0.0,0.0,,,,,0.0,0.0,,,,,0.0,5.643131009557322,,,,,0.0,1.7211288597445886,,,,,18.322714987591418,2.0710735979988115,,,,,0.0,1.2875588893382026,,
2050-11-07 11:00:00,,,,,0.0,0.0,,,,,0.0,0.0,,,,,0.0,0.0,,,,,0.0,5.643131009557322,,,,,0.0,1.7211288597445886,,,,,22.720359205989297,2.0710735979988115,,,,,0.0,1.2875588893382026,,
2050-11-07 12:00:00,,,,,0.0,0.0,,,,,0.0,0.0,,,,,0.0,0.0,,,,,0.0,5.643131009557322,,,,,0.0,1.7211288597445886,,,,,23.770784740827345,2.0710735979988115,,,,,0.0,1.2875588893382026,,
2050-11-07 13:00:00,,,,,0.0,0.0,,,,,0.0,0.0,,,,,0.0,0.0,,,,,0.0,5.643131009557322,,,,,0.0,1.7211288597445886,,,,,20.405220009603177,2.0710735979988115,,,,,0.0,1.2875588893382026,,
2050-11-07 14:00:00,,,,,0.0,0.0,,,,,0.0,0.0,,,,,0.0,0.0,,,,,0.0,5.643131009557322,,,,,0.0,1.7211288597445886,,,,,13.311521843072143,2.0710735979988115,,,,,0.0,1.2875588893382026,,
2050-11-07 15:00:00,,,,,0.0,0.0,,,,,0.0,0.0,,,,,0.7639960051901851,0.0,,,,,0.0,5.643131009557322,,,,,0.0,1.7211288597445886,,,,,3.7749038082851882,2.0710735979988115,,,,,0.0,1.2875588893382026,,
2050-11-07 16:00:00,,,,,0.0,0.0,,,,,0.0,0.0,,,,,0.0,0.0,,,,,0.0,5.643131009557322,,,,,0.0,1.7211288597445886,,,,,0.0,2.0710735979988115,,,,,0.0,1.2875588893382026,,
2050-11-07 17:00:00,,,,,0.0,0.0,,,,,0.0,0.0,,,,,0.0,0.0,,,,,0.0,5.643131009557322,,,,,0.0,1.7211288597445886,,,,,0.0,2.0710735979988115,,,,,0.0,1.2875588893382026,,
2050-11-07 18:00:00,,,,,0.0,0.0,,,,,0.0,0.0,,,,,0.0,0.0,,,,,0.0,5.643131009557322,,,,,0.0,1.7211288597445886,,,,,0.0,2.0710735979988115,,,,,0.0,1.2875588893382026,,
2050-11-07 19:00:00,,,,,0.0,0.0,,,,,0.0,0.0,,,,,0.0,0.0,,,,,0.0,5.643131009557322,,,,,0.0,1.7211288597445886,,,,,0.0,2.0710735979988115,,,,,0.0,1.2875588893382026,,
2050-11-07 20:00:00,,,,,0.0,0.0,,,,,0.0,0.0,,,,,0.0,0.0,,,,,0.0,5.643131009557322,,,,,0.0,1.7211288597445886,,,,,0.0,2.0710735979988115,,,,,0.0,1.2875588893382026,,
2050-11-07 21:00:00,,,,,0.0,0.0,,,,,0.0,0.0,,,,,0.0,0.0,,,,,0.0,5.643131009557322,,,,,0.0,1.7211288597445886,,,,,0.0,2.0710735979988115,,,,,0.0,1.2875588893382026,,
2050-11-07 22:00:00,,,,,0.0,0.0,,,,,0.0,0.0,,,,,0.0,0.0,,,,,0.0,5.643131009557322,,,,,0.0,1.7211288597445886,,,,,0.0,2.0710735979988115,,,,,0.0,1.2875588893382026,,
2050-11-07 23:00:00,,,,,0.0,0.0,,,,,0.0,0.0,,,,,0.0,0.0,,,,,0.0,5.643131009557322,,,,,0.0,1.7211288597445886,,,,,0.0,2.0710735979988115,,,,,0.0,1.2875588893382026,,
2050-11-08 00:00:00,,,,,0.0,0.0,,,,,0.0,0.0,,,,,0.0,0.0,,,,,0.0,5.643131009557322,,,,,0.0,1.7211288597445886,,,,,0.0,2.0710735979988115,,,,,0.0,1.2875588893382026,,
2050-11-08 01:00:00,,,,,0.0,0.0,,,,,0.0,0.0,,,,,0.0,0.0,,,,,0.0,5.643131009557322,,,,,0.0,1.7211288597445886,,,,,0.0,2.0710735979988115,,,,,0.0,1.2875588893382026,,
2050-11-08 02:00:00,,,,,0.0,0.0,,,,,0.0,0.0,,,,,0.0,0.0,,,,,0.0,5.643131009557322,,,,,0.0,1.7211288597445886,,,,,0.0,2.0710735979988115,,,,,0.0,1.2875588893382026,,
2050-11-08 03:00:00,,,,,0.0,0.0,,,,,0.0,0.0,,,,,0.0,0.0,,,,,0.0,5.643131009557322,,,,,0.0,1.7211288597445886,,,,,0.0,2.0710735979988115,,,,,0.0,1.2875588893382026,,
2050-11-08 04:00:00,,,,,0.0,0.0,,,,,0.0,0.0,,,,,0.0,0.0,,,,,0.0,5.643131009557322,,,,,0.0,1.7211288597445886,,,,,0.0,2.0710735979988115,,,,,0.0,1.2875588893382026,,
2050-11-08 05:00:00,,,,,0.0,0.0,,,,,0.0,0.0,,,,,0.0,0.0,,,,,0.0,5.643131009557322,,,,,0.0,1.7211288597445886,,,,,0.0,2.0710735979988115,,,,,0.0,1.2875588893382026,,
2050-11-08 06:00:00,,,,,0.0,0.0,,,,,0.0,0.0,,,,,0.0,0.0,,,,,0.0,5.643131009557322,,,,,0.0,1.7211288597445886,,,,,0.0,2.0710735979988115,,,,,0.0,1.2875588893382026,,
2050-11-08 07:00:00,,,,,0.0,0.0,,,,,0.0,0.0,,,,,0.0,0.0,,,,,0.0,5.643131009557322,,,,,0.0,1.7211288597445886,,,,,0.0,2.0710735979988115,,,,,0.0,1.2875588893382026,,
2050-11-08 08:00:00,,,,,0.0,0.0,,,,,0.0,0.0,,,,,0.0,0.0,,,,,0.0,5.643131009557322,,,,,0.0,1.7211288597445886,,,,,0.0,2.0710735979988115,,,,,0.0,1.2875588893382026,,
2050-11-08 09:00:00,,,,,0.0,0.0,,,,,0.0,0.0,,,,,0.0,0.0,,,,,0.0,5.643131009557322,,,,,0.0,1.7211288597445886,,,,,3.8057386741191337,2.0710735979988115,,,,,0.0,1.2875588893382026,,
2050-11-08 10:00:00,,,,,0.0,0.0,,,,,0.0,0.0,,,,,0.0,0.0,,,,,0.0,5.643131009557322,,,,,0.0,1.7211288597445886,,,,,7.8959700565310555,2.0710735979988115,,,,,0.0,1.2875588893382026,,
2050-11-08 11:00:00,,,,,0.0,0.0,,,,,0.0,0.0,,,,,0.0,0.0,,,,,0.0,5.643131009557322,,,,,0.0,1.7211288597445886,,,,,5.360827786995582,2.0710735979988115,,,,,0.0,1.2875588893382026,,
2050-11-08 12:00:00,,,,,0.44126745682140234,0.0,,,,,0.7358042026145946,0.0,,,,,0.7715278164728545,0.0,,,,,0.0,5.643131009557322,,,,,0.0,1.7211288597445886,,,,,0.8717167709026974,2.0710735979988115,,,,,0.0,1.2875588893382026,,
2050-11-08 13:00:00,,,,,0.0,0.0,,,,,0.0,0.0,,,,,0.0,0.0,,,,,0.0,5.643131009557322,,,,,0.0,1.7211288597445886,,,,,0.0,2.0710735979988115,,,,,0.0,1.2875588893382026,,
2050-11-08 14:00:00,,,,,0.0,0.0,,,,,0.0,0.0,,,,,0.0,0.0,,,,,0.0,5.643131009557322,,,,,0.0,1.7211288597445886,,,,,0.0,2.0710735979988115,,,,,0.0,1.2875588893382026,,
2050-11-08 15:00:00,,,,,0.0,0.0,,,,,0.0,0.0,,,,,0.0,0.0,,,,,0.0,5.643131009557322,,,,,0.0,1.7211288597445886,,,,,0.0,2.0710735979988115,,,,,0.0,1.2875588893382026,,
2050-11-08 16:00:00,,,,,0.0,0.0,,,,,0.0,0.0,,,,,0.0,0.0,,,,,0.0,5.643131009557322,,,,,0.0,1.7211288597445886,,,,,0.0,2.0710735979988115,,,,,0.0,1.2875588893382026,,
2050-11-08 17:00:00,,,,,0.0,0.0,,,,,0.0,0.0,,,,,0.0,0.0,,,,,0.0,5.643131009557322,,,,,0.0,1.7211288597445886,,,,,0.0,2.0710735979988115,,,,,0.0,1.2875588893382026,,
2050-11-08 18:00:00,,,,,0.0,0.0,,,,,0.0,0.0,,,,,0.0,0.0,,,,,0.0,5.643131009557322,,,,,0.0,1.7211288597445886,,,,,0.0,2.0710735979988115,,,,,0.0,1.2875588893382026,,
2050-11-08 19:00:00,,,,,0.0,0.0,,,,,0.0,0.0,,,,,0.0,0.0,,,,,0.0,5.643131009557322,,,,,0.0,1.7211288597445886,,,,,0.0,2.0710735979988115,,,,,0.0,1.2875588893382026,,
2050-11-08 20:00:00,,,,,0.0,0.0,,,,,0.0,0.0,,,,,0.0,0.0,,,,,0.0,5.643131009557322,,,,,0.0,1.7211288597445886,,,,,0.0,2.0710735979988115,,,,,0.0,1.2875588893382026,,
2050-11-08 21:00:00,,,,,0.0,0.0,,,,,0.0,0.0,,,,,0.0,0.0,,,,,0.0,5.643131009557322,,,,,0.0,1.7211288597445886,,,,,0.0,2.0710735979988115,,,,,0.0,1.2875588893382026,,
2050-11-08 22:00:00,,,,,0.0,0.0,,,,,0.0,0.0,,,,,0.0,0.0,,,,,0.0,5.643131009557322,,,,,0.0,1.7211288597445886,,,,,0.0,2.0710735979988115,,,,,0.0,1.2875588893382026,,
2050-11-08 23:00:00,,,,,0.0,0.0,,,,,0.0,0.0,,,,,0.0,0.0,,,,,0.0,5.643131009557322,,,,,0.0,1.7211288597445886,,,,,0.0,2.0710735979988115,,,,,0.0,1.2875588893382026,,
2050-12-13 00:00:00,,,,,0.0,0.0,,,,,0.0,0.0,,,,,0.0,0.0,,,,,0.0,0.0,,,,,0.0,0.0,,,,,0.8602254636049329,0.0,,,,,0.0,0.0,,
2050-12-13 01:00:00,,,,,0.0,0.0,,,,,0.0,0.0,,,,,0.0,0.0,,,,,0.0,0.0,,,,,0.0,0.0,,,,,0.0,0.0,,,,,0.0,0.0,,
2050-12-13 02:00:00,,,,,0.0,0.0,,,,,0.7358042026145946,0.0,,,,,0.0,0.0,,,,,0.0,0.0,,,,,0.0,0.0,,,,,1.7991236527492256,0.0,,,,,0.0,0.0,,
2050-12-13 03:00:00,,,,,0.0,0.0,,,,,0.0,0.0,,,,,0.0,0.0,,,,,0.0,0.0,,,,,0.0,0.0,,,,,0.4219171388542273,0.0,,,,,0.0,0.0,,
2050-12-13 04:00:00,,,,,0.0,0.0,,,,,0.0,0.0,,,,,0.0,0.0,,,,,0.0,0.0,,,,,0.0,0.0,,,,,1.2590550802159939,0.0,,,,,0.0,0.0,,
2050-12-13 05:00:00,,,,,0.0,0.0,,,,,0.0,0.0,,,,,0.0,0.0,,,,,0.0,0.0,,,,,0.0,0.0,,,,,0.0,0.0,,,,,0.0,0.0,,
2050-12-13 06:00:00,,,,,0.0,0.0,,,,,0.0,0.0,,,,,0.0,0.0,,,,,0.0,0.0,,,,,0.0,0.0,,,,,0.0,0.0,,,,,0.0,0.0,,
2050-12-13 07:00:00,,,,,0.0,0.0,,,,,0.0,0.0,,,,,0.0,0.0,,,,,0.0,0.0,,,,,0.0,0.0,,,,,0.0,0.0,,,,,0.0,0.0,,
2050-12-13 08:00:00,,,,,0.0,0.0,,,,,0.0,0.0,,,,,0.0,0.0,,,,,0.0,0.0,,,,,0.0,0.0,,,,,0.0,0.0,,,,,0.0,0.0,,
2050-12-13 09:00:00,,,,,0.0,0.0,,,,,0.0,0.0,,,,,0.0,0.0,,,,,0.0,0.0,,,,,0.0,0.0,,,,,0.0,0.0,,,,,0.0,0.0,,
2050-12-13 10:00:00,,,,,0.0,0.0,,,,,0.0,0.0,,,,,0.0,0.0,,,,,0.0,0.0,,,,,0.0,0.0,,,,,8.85958958032695,0.0,,,,,0.0,0.0,,
2050-12-13 11:00:00,,,,,0.0,0.0,,,,,0.0,0.0,,,,,0.0,0.0,,,,,0.0,0.0,,,,,0.0,0.0,,,,,26.355279906255802,0.0,,,,,0.0,0.0,,
2050-12-13 12:00:00,,,,,0.2732520968095509,0.0,,,,,0.2491500403031268,0.0,,,,,0.3388029413335904,0.0,,,,,0.0,0.0,,,,,0.0,0.08478715622577582,,,,,27.550389485388397,0.0,,,,,0.0,0.0,,
2050-12-13 13:00:00,,,,,0.806983779577557,0.0,,,,,0.7358042026145946,0.0,,,,,0.7715278164728545,0.0,,,,,0.0,0.0,,,,,0.0,0.0,,,,,19.500181867955057,0.0,,,,,0.0,0.0,,
2050-12-13 14:00:00,,,,,0.806983779577557,0.0,,,,,0.7358042026145946,0.0,,,,,0.7715278164728545,0.0,,,,,0.0,0.0,,,,,0.0,0.0,,,,,2.8507546411766107,0.0,,,,,0.0,0.0,,
2050-12-13 15:00:00,,,,,0.806983779577557,0.0,,,,,0.7358042026145946,0.0,,,,,0.7715278164728545,0.0,,,,,0.0,0.0,,,,,0.0,0.0,,,,,1.6949089782007718,0.0,,,,,0.0,0.0,,
2050-12-13 16:00:00,,,,,0.806983779577557,0.0,,,,,0.7358042026145946,0.0,,,,,0.7715278164728545,0.0,,,,,0.0,0.0,,,,,0.0,0.0,,,,,0.0,0.0,,,,,0.0,0.0,,
2050-12-13 17:00:00,,,,,0.0,0.0,,,,,0.0,0.0,,,,,0.0,0.0,,,,,0.0,0.0,,,,,0.0,0.0,,,,,0.0,0.0,,,,,0.0,0.0,,
2050-12-13 18:00:00,,,,,0.0,0.0,,,,,0.0,0.0,,,,,0.0,0.0,,,,,0.0,0.0,,,,,0.0,0.0,,,,,0.0,0.0,,,,,0.0,0.0,,
2050-12-13 19:00:00,,,,,0.0,0.0,,,,,0.0,0.0,,,,,0.0,0.0,,,,,0.0,0.0,,,,,0.0,0.0,,,,,0.0,0.0,,,,,0.0,0.0,,
2050-12-13 20:00:00,,,,,0.0,0.0,,,,,0.0,0.0,,,,,0.0,0.0,,,,,0.0,0.0,,,,,0.0,0.0,,,,,0.0,0.0,,,,,0.0,0.0,,
2050-12-13 21:00:00,,,,,0.0,0.0,,,,,0.0,0.0,,,,,0.0,0.0,,,,,0.0,0.0,,,,,0.0,0.0,,,,,0.0,0.0,,,,,0.0,0.0,,
2050-12-13 22:00:00,,,,,0.0,0.0,,,,,0.0,0.0,,,,,0.0,0.0,,,,,0.0,0.0,,,,,0.0,0.0,,,,,0.0,0.0,,,,,0.0,0.0,,
2050-12-13 23:00:00,,,,,0.0,0.0,,,,,0.0,0.0,,,,,0.0,0.0,,,,,0.0,0.0,,,,,0.0,0.0,,,,,0.0,0.0,,,,,0.0,0.0,,
2050-12-14 00:00:00,,,,,0.0,0.0,,,,,0.0,0.0,,,,,0.0,0.0,,,,,0.0,0.0,,,,,0.0,0.0,,,,,0.0,0.0,,,,,0.0,0.0,,
2050-12-14 01:00:00,,,,,0.0,0.0,,,,,0.0,0.0,,,,,0.0,0.0,,,,,0.0,0.0,,,,,0.0,0.0,,,,,0.0,0.0,,,,,0.0,0.0,,
2050-12-14 02:00:00,,,,,0.0,0.0,,,,,0.0,0.0,,,,,0.0,0.0,,,,,0.0,0.0,,,,,0.0,0.0,,,,,0.0,0.0,,,,,0.0,0.0,,
2050-12-14 03:00:00,,,,,0.0,0.0,,,,,0.0,0.0,,,,,0.0,0.0,,,,,0.0,0.0,,,,,0.0,0.0,,,,,0.0,0.0,,,,,0.0,0.0,,
2050-12-14 04:00:00,,,,,0.1342367168803863,0.0,,,,,0.0,0.0,,,,,0.0,0.0,,,,,0.0,0.0,,,,,0.0,0.0,,,,,0.0,0.0,,,,,0.0,0.0,,
2050-12-14 05:00:00,,,,,0.806983779577557,0.0,,,,,0.7358042026145946,0.0,,,,,0.7715278164728545,0.0,,,,,0.0,0.0,,,,,0.0,0.0,,,,,0.0,0.0,,,,,0.0,0.0,,
2050-12-14 06:00:00,,,,,0.806983779577557,0.0,,,,,0.7358042026145946,0.0,,,,,0.0,0.0,,,,,0.0,0.0,,,,,0.0,0.0,,,,,0.0,0.0,,,,,0.0,0.0,,
2050-12-14 07:00:00,,,,,0.0,0.0,,,,,0.7358042026145946,0.0,,,,,0.18862928100949006,0.0,,,,,0.0,0.0,,,,,0.0,0.0,,,,,0.0,0.0,,,,,0.0,0.0,,
2050-12-14 08:00:00,,,,,0.0,0.0,,,,,0.0,0.0,,,,,0.0,0.0,,,,,0.0,0.0,,,,,0.0,0.0,,,,,0.0,0.0,,,,,0.0,0.0,,
2050-12-14 09:00:00,,,,,0.0,0.0,,,,,0.0,0.0,,,,,0.6520693463786791,0.0,,,,,0.0,0.0,,,,,0.0,1.7211288597445886,,,,,6.927030623200636,2.0710735979988115,,,,,0.0,0.0,,
2050-12-14 10:00:00,,,,,0.0,0.0,,,,,0.0,0.0,,,,,0.0,0.0,,,,,0.0,0.0,,,,,0.0,1.7211288597445886,,,,,20.91700007248876,2.0710735979988115,,,,,0.0,0.0,,
2050-12-14 11:00:00,,,,,0.806983779577557,0.0,,,,,0.7358042026145946,0.0,,,,,0.7715278164728545,0.0,,,,,0.0,0.0,,,,,0.0,1.7211288597445886,,,,,27.04935914144169,2.0710735979988115,,,,,0.0,0.0,,
2050-12-14 12:00:00,,,,,0.806983779577557,0.0,,,,,0.7358042026145946,0.0,,,,,0.7715278164728545,0.0,,,,,0.0,0.0,,,,,0.0,1.7211288597445886,,,,,26.241568701802343,2.0710735979988115,,,,,0.0,0.0,,
2050-12-14 13:00:00,,,,,0.0,0.0,,,,,0.0,0.0,,,,,0.0,0.0,,,,,0.0,0.0,,,,,0.0,1.7211288597445886,,,,,22.405770500755253,2.0710735979988115,,,,,0.0,0.0,,
2050-12-14 14:00:00,,,,,0.806983779577557,0.0,,,,,0.7358042026145946,0.0,,,,,0.7715278164728545,0.0,,,,,0.0,0.0,,,,,0.0,1.7211288597445886,,,,,15.273217816382108,2.0710735979988115,,,,,0.0,0.0,,
2050-12-14 15:00:00,,,,,0.806983779577557,0.0,,,,,0.7358042026145946,0.0,,,,,0.7715278164728545,0.0,,,,,0.0,0.0,,,,,0.0,1.7211288597445886,,,,,0.7164252268811424,2.0710735979988115,,,,,0.0,0.0,,
2050-12-14 16:00:00,,,,,0.806983779577557,0.0,,,,,0.7358042026145946,0.0,,,,,0.7715278164728545,0.0,,,,,0.0,0.0,,,,,0.0,0.0,,,,,0.0,0.0,,,,,0.0,0.0,,
2050-12-14 17:00:00,,,,,0.0,0.0,,,,,0.0,0.0,,,,,0.0,0.0,,,,,0.0,0.0,,,,,0.0,0.0,,,,,0.0,0.0,,,,,0.0,0.0,,
2050-12-14 18:00:00,,,,,0.0,0.0,,,,,0.0,0.0,,,,,0.0,0.0,,,,,0.0,0.0,,,,,0.0,0.0,,,,,0.0,0.0,,,,,0.0,0.0,,
2050-12-14 19:00:00,,,,,0.0,0.0,,,,,0.0,0.0,,,,,0.0,0.0,,,,,0.0,0.0,,,,,0.0,0.0,,,,,0.0,0.0,,,,,0.0,0.0,,
2050-12-14 20:00:00,,,,,0.0,0.0,,,,,0.0,0.0,,,,,0.0,0.0,,,,,0.0,0.0,,,,,0.0,0.0,,,,,0.0,0.0,,,,,0.0,0.0,,
2050-12-14 21:00:00,,,,,0.0,0.0,,,,,0.0,0.0,,,,,0.0,0.0,,,,,0.0,0.0,,,,,0.0,0.0,,,,,0.0,0.0,,,,,0.0,0.0,,
2050-12-14 22:00:00,,,,,0.0,0.0,,,,,0.0,0.0,,,,,0.0,0.0,,,,,0.0,0.0,,,,,0.0,0.0,,,,,0.0,0.0,,,,,0.0,0.0,,
2050-12-14 23:00:00,,,,,0.0,0.0,,,,,0.0,0.0,,,,,0.0,0.0,,,,,0.0,0.0,,,,,0.0,0.0,,,,,0.0,0.0,,,,,0.0,0.0,,
