,p60p61,p60p62,p60p63,p61p62,p61p63,p61p64,p61p65,p63p64,p63p67,p64p65,p64p67,p65p67,p61p60,p62p60,p63p60,p62p61,p63p61,p64p61,p65p61,p64p63,p67p63,p65p64,p67p64,p67p65
2050-01-16 00:00:00,0.17501192300446017,0.0,2.003,0.0,0.10912135356851313,0.0,0.18394377161501296,4.44,2.138,2.176554114518812,0.0,3.9896997300000017,0.0,0.4399613018896251,0.0,0.0,0.0,0.0,0.0,0.0,2.138,0.0,2.207,0.0
2050-01-16 01:00:00,0.3154283420643964,0.0,1.695033990299476,0.0,0.456,0.0,0.466,4.44,0.0,0.0,0.0,1.476749660000003,0.0,0.0633618875978108,0.0,0.0,0.0,0.238,0.0,1.191408537907865,0.0,1.2954283233890518,0.0,0.0
2050-01-16 02:00:00,0.0,0.0,2.003,0.0,0.04187002029222309,0.0,0.466,0.8682877979372257,1.172642704787964,0.0,0.0,0.0,0.21827446494239278,0.0,0.0,0.14397785584117606,0.0,0.0,0.0,0.0,0.0,1.1538061275439624,2.207,0.0
2050-01-16 03:00:00,0.545074932806711,0.0,2.003,0.832,0.17820498142240027,0.238,0.0,2.787822120398828,1.3874855859206852,0.0,2.207,0.0,0.0,0.7671633387629894,0.0,0.0,0.0,0.238,0.0,0.0,0.0,0.0,0.0,2.276930245920683
2050-01-16 04:00:00,0.0,0.3259829668939559,1.1813177295236956,0.0,0.0,0.0,0.0,3.748534327724927,2.138,0.0,0.17323473000000256,0.0,0.23684240666693038,0.0,0.0,0.0,0.0,0.238,0.0,0.0,0.0,0.9822182477562631,0.0,6.36
2050-01-16 05:00:00,0.2057513396666987,0.0,0.7697575275041771,0.36239863105783066,0.0,0.0,0.0,4.44,2.138,0.0,0.7170792400000021,0.0,0.0,0.0,0.0,0.0,0.456,0.0,0.0,0.0,0.0,0.8888458254811904,0.0,6.36
2050-01-16 06:00:00,0.6232360543123224,0.26826485378614007,0.0,0.0,0.07805442321237122,0.0,0.466,3.0801071154811877,1.8252238999891528,0.0,0.0,0.0,0.0,0.0,0.0,0.0,0.0,0.238,0.0,0.0,0.0,0.0,2.207,2.3093214499891523
2050-01-16 07:00:00,0.14171328034839267,0.014208796007570745,0.8122556903821205,0.0,0.0,0.0,0.0,3.0508733039330576,2.138,1.738740006587899,0.0,0.0,0.0,0.0,0.0,0.0,0.0,0.0,0.0,0.0,0.0,0.0,2.207,2.1848270499999973
2050-01-16 08:00:00,0.0,0.0,1.6061872205300904,0.0,0.0,0.0,0.466,3.2300823349890524,0.0,0.0,0.0,0.0,0.15058115298649663,0.17328475044535685,0.0,0.0,0.456,0.0,0.0,0.0,0.0,0.12731838973482645,2.0372431499999983,0.0
2050-01-16 09:00:00,0.0,0.11892068990483701,1.1254631008635698,0.0,0.0,0.0,0.466,3.3976560371678732,0.5693839500000006,0.0,0.0,0.0,0.07922539453953367,0.0,0.0,0.0,0.456,0.0,0.0,0.0,0.0,0.0,2.207,0.0
2050-01-16 10:00:00,0.018101661770305366,0.0,2.003,0.832,0.13062626900523397,0.238,0.0,2.2560529501475663,2.138,0.3466220677781582,2.207,4.259402800000004,0.0,0.5691152515520302,0.0,0.0,0.456,0.0,0.466,0.0,2.138,0.0,2.207,0.0
2050-01-16 11:00:00,0.8866889155475753,0.0,2.003,0.832,0.22459917965678167,0.0,0.466,4.44,1.025470150000002,0.0,0.0,0.0,0.0,0.6776709390098481,0.0,0.0,0.0,0.0,0.0,4.44,0.0,3.6377409096487736,2.207,0.0
2050-01-16 12:00:00,0.0,0.8488692141546037,2.003,0.0,0.456,0.238,0.466,1.4866340396532056,0.0,0.0,0.0,6.36,1.0879725974471257,0.0,0.0,0.832,0.0,0.0,0.0,0.0,2.138,4.114742636572059,0.0,2.760507672744884
2050-01-16 13:00:00,0.47954681505376817,0.11543540154413556,2.003,0.0,0.456,0.238,0.466,2.04001845021083,2.138,0.0,0.0,4.349113300000003,0.0,0.0,0.0,0.0,0.0,0.0,0.0,0.0,2.138,3.553997465168527,0.0,0.0
2050-01-16 14:00:00,0.38983647963096624,0.5856205564218734,2.003,0.0,0.456,0.238,0.466,1.415725846687785,2.138,0.0,0.0,0.0,0.0,0.0,0.0,0.0,0.0,0.0,0.0,0.0,0.0,4.133875926919741,0.0,3.421842249999999
2050-01-16 15:00:00,0.6874084256394299,0.09996418702472742,2.003,0.832,0.456,0.238,0.466,4.44,0.0,0.0,0.0,0.0,0.0,0.0,0.0,0.0,0.0,0.0,0.0,0.0,0.0,1.056584141782944,0.0,1.3858712499999974
2050-01-16 16:00:00,0.5179607800590946,1.0179568165900332,2.003,0.0,0.456,0.238,0.466,3.288454691098643,2.138,0.0,0.0,1.9800909000000022,0.0,0.0,0.0,0.0,0.0,0.0,0.0,0.0,0.0,2.1880384564820936,0.0,0.0
2050-01-16 17:00:00,0.0,0.7867663217907709,2.003,0.0,0.456,0.238,0.466,3.988938009995316,2.138,0.0,0.0,0.0,0.7115915356160898,0.0,0.0,0.832,0.0,0.0,0.0,0.0,0.0,1.643590962619193,0.0,0.0
2050-01-16 18:00:00,0.0,0.3819685034570782,0.8017745788932201,0.0,0.0,0.0,0.0,0.0,0.0,0.0,0.0,6.36,0.10393450069914115,0.0,0.0,0.0,0.0,0.0,0.0,0.981868864145433,1.2900254999999978,7.218814329626621,0.0,0.0
2050-01-16 19:00:00,0.04594842798949417,0.5687286874332316,0.0,0.0,0.21689090162571498,0.0,0.466,0.0,0.0,0.0,0.0,6.36,0.0,0.0,0.0,0.0,0.456,0.0,0.466,1.5625510321271214,1.355337399999999,7.76440435760831,0.0,0.0
2050-01-16 20:00:00,0.086780574169011,0.6569026937973393,0.0,0.0,0.0,0.0,0.0,0.882661099067727,0.5007440000000019,0.0,0.0,6.36,0.0,0.0,0.4126025898955039,0.0,0.456,0.0,0.0,0.0,2.138,5.1677082364134606,0.0,0.0
2050-01-16 21:00:00,0.23690397629655016,0.7150731094832634,0.0,0.0,0.0,0.0,0.0,0.0,0.0,0.0,0.0,3.041191379999999,0.0,0.0,0.7339627206686716,0.0,0.456,0.0,0.0,0.7043765463197649,2.138,4.291978101800954,2.207,0.0
2050-01-16 22:00:00,0.24953617044321244,0.6874278013142174,0.0,0.0,0.0,0.0,0.466,1.504326201035207,2.138,0.0,0.0,3.4886428500000015,0.0,0.0,0.6995012149703627,0.0,0.456,0.0,0.466,4.44,0.0,6.07877152444598,2.207,0.0
2050-01-16 23:00:00,0.1916629963089345,0.6267321926463183,0.0,0.0,0.0,0.0,0.0,1.836885386406554,0.0,0.0,0.0,0.0,0.0,0.0,0.5125313771549352,0.0,0.456,0.0,0.0,0.0,0.8215243299999972,0.8238913490746356,2.207,0.0
2050-01-17 00:00:00,0.6057510798367606,0.5803784806023476,0.0,0.0,0.0,0.0,0.466,3.3114492958700152,2.138,2.425040645471187,2.207,1.8862102000000007,0.0,0.0,0.8044196007419036,0.0,0.0,0.0,0.466,0.0,2.138,0.0,2.207,0.0
2050-01-17 01:00:00,0.5851067399234512,0.555845925246125,0.0,0.0,0.0,0.0,0.0,1.2496575783086024,0.0,0.0,0.0,3.72819561,0.0,0.0,0.7591652095101926,0.0,0.0,0.0,0.0,0.0,0.0,0.8732642771725869,2.207,0.0
2050-01-17 02:00:00,0.5874271187104886,0.5413715027517895,0.0,0.0,0.0,0.0,0.466,2.0144152554811883,0.11366791000000198,0.0,0.0,0.0,0.0,0.0,0.8140792932232586,0.0,0.456,0.0,0.0,0.0,2.138,0.0,2.207,0.0
2050-01-17 03:00:00,0.6626771383628453,0.0,2.003,0.5402422517507615,0.0,0.0,0.0,4.44,0.0,2.442344994518811,0.0,0.0,0.0,0.0,1.0161157349713144,0.0,0.456,0.0,0.0,0.0,0.0,0.0,2.207,2.0555137899999973
2050-01-17 04:00:00,0.3203179242939438,0.0,0.0,0.832,0.07045157864130203,0.0,0.466,4.302542475481188,2.138,0.0,2.207,0.0,0.0,0.0,0.0,0.2765077645391488,0.0,0.0,0.0,0.0,0.0,0.0,2.207,1.8648668300528632
2050-01-17 05:00:00,0.4035124001544803,0.0,0.0,0.832,0.0,0.0,0.0,4.44,2.138,1.9472544445188107,0.0,0.0,0.0,0.0,0.09281679446282959,0.20952491205412171,0.456,0.0,0.466,0.0,0.0,0.0,2.207,1.335943448898802
2050-01-17 06:00:00,0.9059756924692525,0.7356794905999107,0.0,0.0,0.0,0.0,0.466,3.1888335242765105,2.138,1.2491835207382183,0.0,0.0,0.0,0.0,1.373522688913742,0.0,0.0,0.0,0.466,0.0,0.0,0.0,2.207,1.9531099499999964
2050-01-17 07:00:00,0.8135663341419134,0.7899639305999108,0.0,0.0,0.0,0.0,0.0,3.4710416118148615,0.8224182500000001,3.225659536959828,0.0,0.0,0.0,0.0,1.3409191368133198,0.0,0.0,0.238,0.0,0.0,0.0,0.0,2.207,0.0
2050-01-17 08:00:00,0.526595153192824,0.768253283934954,0.0,0.0,0.0,0.0,0.0,3.58137915814903,0.7054812500000018,0.0,0.0,0.0,0.0,0.0,0.9959355094783677,0.0,0.456,0.0,0.0,0.0,2.138,2.135957102209739,0.0,0.0
2050-01-17 09:00:00,0.8209021163175051,0.7367833226068741,0.0,0.0,0.0,0.0,0.0,2.9757805766688463,0.9624959499999992,0.0,0.0,0.0,0.0,0.0,1.3985702650520102,0.0,0.0,0.0,0.0,0.0,0.0,0.6269691344224211,2.207,0.0
2050-01-17 10:00:00,0.16493626349451265,0.0,0.3163336553684644,0.0,0.0,0.0,0.466,1.3266922286315057,0.27487420000000196,0.0,0.0,6.36,0.0,0.6039254931415443,0.0,0.0,0.456,0.0,0.466,4.44,2.138,9.020369966862223,0.0,0.0
2050-01-17 11:00:00,0.0,0.0,0.0,0.832,0.14247632695867063,0.238,0.0,0.0,0.0,0.0,0.0,6.36,0.08984461310497094,0.12841850273694322,0.0,0.0,0.0,0.238,0.466,3.0605349392404744,1.7589417999999997,9.020369966862223,0.0,0.0
2050-01-17 12:00:00,0.0,0.6916302798702055,0.0,0.0,0.0,0.0,0.0,0.0,0.0,0.0,0.0,6.36,0.0701010946670376,0.0,0.8751604431634223,0.0,0.0,0.0,0.466,3.0490330163823867,1.7362198999999991,9.020369966862223,0.0,0.0
2050-01-17 13:00:00,0.0,0.6961281032447754,0.0,0.0,0.0,0.0,0.0,0.0,0.0,0.0,0.0,6.36,0.0878368909372593,0.0,0.8622359577671489,0.0,0.0,0.0,0.466,3.0133764984503646,2.138,9.020369966862223,0.0,0.0
2050-01-17 14:00:00,0.0,0.6835758834713401,0.0,0.0,0.0,0.0,0.0,0.0,0.0,0.0,0.0,6.36,0.09014587502045443,0.0,0.8123299150532078,0.0,0.0,0.0,0.466,3.0633030163677493,1.7691392999999982,9.020369966862223,0.0,0.0
2050-01-17 15:00:00,0.22564753168935367,0.0,0.0,0.832,0.0,0.0,0.0,0.0,0.0,0.0,0.0,6.36,0.0,0.0,0.44223061118683993,0.13824911655250838,0.456,0.0,0.466,3.0830197722698003,1.8140484,9.020369966862223,0.0,0.0
2050-01-17 16:00:00,0.37085578940001873,0.7218200094554267,0.0,0.0,0.0,0.0,0.466,0.0,0.36898220000000226,0.0,0.0,6.36,0.0,0.0,1.356824274586256,0.0,0.0,0.238,0.466,2.8144632026393315,2.138,9.020369966862223,0.0,0.0
2050-01-17 17:00:00,0.4419713539316815,0.7920909497926939,0.0,0.0,0.0,0.0,0.0,1.718951693532874,0.0,0.0,0.0,0.0,0.0,0.0,0.2619591944824491,0.0,0.456,0.0,0.0,0.0,0.6670198499999991,4.414938260992096,0.0,0.0
2050-01-17 18:00:00,0.023743581222746696,0.0,2.003,0.0,0.0,0.0,0.0,0.0,2.138,0.0,0.0,3.625617400000003,0.0,0.0,1.141181570566947,0.0,0.456,0.238,0.466,2.1726562213810343,0.0,9.020369966862223,0.0,0.0
2050-01-17 19:00:00,0.059105803978662746,0.5685458548719893,0.0,0.0,0.0,0.0,0.0,1.3330071233601783,0.0,0.0,0.10480308550354558,0.0,0.0,0.0,1.0958489863608536,0.0,0.456,0.238,0.466,0.0,0.0,5.645743927624555,0.0,0.0
2050-01-17 20:00:00,0.0,1.2497812464331464,0.0,0.0,0.0,0.0,0.0,1.746392718473344,0.1043030500000004,0.0,0.0,0.0,0.44887289916539264,0.0,1.2678559384638453,0.832,0.0,0.238,0.0,0.0,0.0,1.4032536619254827,0.0,0.0
2050-01-17 21:00:00,0.7423149846974922,0.25220508647971673,0.0,0.0,0.0,0.0,0.0,3.2645192770070897,0.0,0.0,0.0,0.0,0.0,0.0,0.5238885330797731,0.0,0.0,0.0,0.466,0.0,0.0,2.9088486989425792,0.0,0.32283260999999897
2050-01-17 22:00:00,1.4869856511933912,0.0,0.11506603219578104,0.832,0.456,0.238,0.0,4.44,0.0,0.0,0.0,0.0,0.0,0.024060687210698428,2.003,0.0,0.456,0.238,0.466,1.3386869333985307,0.0,1.746831768879722,1.0713619099999967,0.0
2050-01-17 23:00:00,0.18153637078314055,0.0,0.0,0.7458202167153585,0.0,0.0,0.466,2.5461834463566744,2.138,0.0,0.0,0.0,0.0,0.0,0.5560930035459903,0.0,0.456,0.238,0.0,4.44,0.0,5.453974429124513,2.207,0.0
2050-05-07 00:00:00,0.26685095729642294,1.2565092962834294,0.0,0.832,0.0,0.0,0.0,4.44,0.0,0.0,0.0,5.766405620000002,0.0,0.0,0.19160228999521345,0.0,0.456,0.0,0.466,0.4646149852235839,0.0,1.2817727207047713,0.0,0.0
2050-05-07 01:00:00,1.439258160269981,0.13227166115238054,0.0,0.832,0.0,0.0,0.0,4.44,2.138,0.0,0.0,5.446718218655601,0.0,0.0,0.0,0.0,0.456,0.10507650253782108,0.466,0.0,2.138,0.6085567080190089,0.0,0.0
2050-05-07 02:00:00,0.12857248104858357,0.7402717095777341,0.09219225642697446,0.0,0.0,0.0,0.0,0.0,2.138,0.3221232795228577,0.0,4.652016680000003,0.0,0.0,0.0,0.0,0.456,0.0,0.0,0.3848120933419725,0.0,0.0,2.207,0.0
2050-05-07 03:00:00,0.0,0.723523136859369,1.2754255531388965,0.0,0.0,0.0,0.0,3.7630755316999958,0.6043081297265402,0.0,2.207,6.36,0.09220230614970135,0.0,0.0,0.0,0.0,0.238,0.466,0.0,0.0,0.0,0.0,4.495868179879148
2050-05-07 04:00:00,0.9154874313966851,1.5499936915042465,0.0,0.0,0.0,0.0,0.2160723989641058,4.44,0.0,3.5224875496011725,0.0,5.400159509847393,0.0,0.0,0.35593721247078003,0.832,0.456,0.0,0.0,0.0,0.0,0.0,0.0,6.36
2050-05-07 05:00:00,0.3730825242876338,0.7166112225466017,1.1267754034709463,0.0,0.0,0.0,0.0,0.0,2.138,0.0,0.0,0.0,0.0,0.0,0.0,0.0,0.0,0.238,0.0,0.0,0.0,1.175975840398828,0.0,0.6144003581586182
2050-05-07 06:00:00,0.507021608446432,0.0,2.003,0.832,0.0,0.0,0.0,0.5173866422087863,0.949263850000003,1.3494614595876393,0.0,0.0,0.0,0.1153037273230173,0.22657666227442053,0.0,0.456,0.0,0.466,0.0,0.0,0.0,2.207,0.0
2050-05-07 07:00:00,0.6133309887345327,0.7636937024379383,0.5700818628526739,0.0,0.0,0.0,0.0,3.4263383385237867,0.0,0.0,0.0,0.0,0.0,0.0,0.0,0.0,0.0,0.0,0.0,0.0,0.5734178499999985,1.4858625068949372,0.0,0.0
2050-05-07 08:00:00,0.6720112439054798,0.7725687575978113,0.0,0.0,0.0,0.0,0.466,2.7990798605959695,0.0,0.9603235469281222,2.207,5.7768340000000045,0.0,0.0,0.1608528516489518,0.0,0.0,0.238,0.0,0.0,0.0,0.0,2.207,0.0
2050-05-07 09:00:00,0.269805987869954,2.303,0.0,0.0,0.0,0.0,0.466,1.0965863697276639,2.138,0.0,0.0,2.9780270074698816,0.0,0.9183132186933127,0.0,0.0,0.0,0.238,0.0,0.0,0.0,4.720540726291603,0.0,0.0
2050-05-07 10:00:00,0.0,0.6088491956326058,2.003,0.0,0.0541942199512534,0.238,0.0,0.2937423122327196,0.0,0.38933118797055144,2.207,0.0,0.9746573042512409,0.0,0.0,0.0,0.456,0.238,0.466,4.44,0.3898458499999986,9.020369966862223,0.0,0.0
2050-05-07 11:00:00,0.21187721883834,0.0,0.0,0.832,0.10688104474188773,0.0,0.466,1.3742675118152956,1.2562468124820572,0.0,2.207,6.36,0.0,0.0,0.0,0.0,0.456,0.0,0.466,0.0,2.138,3.4866531087749157,0.0,0.0
2050-05-07 12:00:00,0.0,0.6169656459304111,1.339627859208593,0.0,0.0,0.0,0.466,0.17547530980017623,2.138,0.0,0.0,3.5832489500000033,0.3831119242018258,0.0,0.0,0.0,0.456,0.0,0.0,4.44,2.138,7.3014814381290645,0.0,0.0
2050-05-07 13:00:00,0.0,0.0,2.003,0.6483816011252993,0.04759729196499618,0.0,0.0,0.0,0.07415654999999965,0.0,2.207,6.36,0.21144363320442638,0.0,0.0,0.0,0.0,0.0,0.466,1.3499052791054975,2.138,4.694362005171705,2.207,0.0
2050-05-07 14:00:00,0.0,0.6921476941568799,1.8644682446440402,0.0,0.0,0.0,0.466,0.723869784168643,0.6595990500000024,0.0,2.207,6.36,0.3809935394043976,0.0,0.0,0.0,0.456,0.0,0.0,0.0,2.138,2.874406365238603,2.207,0.0
2050-05-07 15:00:00,0.0,0.724731610189919,2.003,0.0,0.05790357286578554,0.0,0.466,0.29393329039754956,1.101264050000001,0.0,0.0,6.36,0.021102828252871908,0.0,0.0,0.0,0.0,0.238,0.0,0.0,2.138,7.3750553100224225,0.0,0.0
2050-05-07 16:00:00,0.665769348890446,2.303,1.36076177195249,0.832,0.0,0.0,0.466,0.0,0.6152214810388177,0.0,2.207,4.8711816689611815,0.0,1.0549139091118327,0.0,0.0,0.0,0.0,0.466,2.310033725251381,0.0,9.020369966862223,2.207,0.0
2050-05-07 17:00:00,0.8269835532601088,0.7710812432230016,2.003,0.0,0.18001322637646422,0.238,0.466,0.0,1.5381048022272361,0.0,0.0,6.36,0.0,0.0,0.0,0.0,0.0,0.0,0.466,1.9027596684843222,0.0,9.020369966862223,0.0,0.0
2050-05-07 18:00:00,0.9234927670161885,0.7686864533539622,2.003,0.0,0.456,0.238,0.466,0.0,1.4745467000000012,0.0,2.207,6.36,0.0,0.0,0.0,0.0,0.0,0.0,0.466,1.1090163285219363,0.0,9.020369966862223,0.0,0.0
2050-05-07 19:00:00,1.2829020901882675,0.014729151287802056,2.003,0.832,0.23535342807872817,0.0,0.0,0.0,0.12396481000000392,0.0,0.0,6.36,0.0,0.0,0.0,0.0,0.0,0.238,0.0,1.7553435113810334,2.138,9.020369966862223,0.0,0.0
2050-05-07 20:00:00,0.7902245490828749,0.0,2.003,0.832,0.0,0.12583955183410356,0.0,0.0,0.80388766,0.0,2.207,6.36,0.0,0.0,0.0,0.0,0.16050722623126834,0.0,0.466,0.0,0.0,5.241991968564724,0.0,0.0
2050-05-07 21:00:00,0.4452324927497052,0.7524953954282527,0.0,0.0,0.0,0.0,0.466,0.0,2.138,0.9876262899502457,0.0,6.36,0.0,0.0,0.19885470458716337,0.0,0.456,0.0,0.0,1.3675562546944473,2.138,9.020369966862223,0.0,0.0
2050-05-07 22:00:00,0.0,0.6955821085547375,1.088987740405514,0.0,0.0,0.0,0.0,1.0262980086189675,0.0,0.0,0.0,6.36,0.022993070208712413,0.0,0.0,0.0,0.0,0.0,0.466,4.44,2.138,9.020369966862223,0.0,0.0
2050-05-07 23:00:00,0.03755414631821066,0.7128390877452001,0.4555822591037638,0.0,0.0,0.0,0.0,0.0,0.0,0.0,1.1799064500000007,6.36,0.0,0.0,0.0,0.0,0.0,0.0,0.466,2.7502720013810347,2.138,9.020369966862223,0.0,0.0
2050-05-08 00:00:00,0.11175907140855415,0.7339743385643109,0.0,0.0,0.0,0.0,0.0,0.0,0.0,0.0,0.0,6.36,0.0,0.0,0.014629982160963811,0.0,0.0,0.0,0.466,2.877051446077842,1.672638929999997,7.659326641559031,0.0,0.0
2050-05-08 01:00:00,0.6240833925922723,0.7421141691246079,0.0,0.0,0.0,0.0,0.0,0.0,0.0,0.0,0.0,6.36,0.0,0.0,0.7572646225879064,0.0,0.0,0.0,0.0,1.4106587671077353,2.138,5.992401762588923,0.0,0.0
2050-05-08 02:00:00,0.6429592751785286,0.7415470444351101,0.0,0.0,0.0,0.0,0.466,0.0,0.0,0.0,0.0,6.36,0.0,0.0,0.8553117122679992,0.0,0.0,0.0,0.466,1.926876998836435,2.138,6.144673254317626,0.2543494599999976,0.0
2050-05-08 03:00:00,1.0704629912150887,0.7578032750787151,0.0,0.0,0.0,0.0,0.466,0.0,0.0,0.0,0.0,6.36,0.0,0.0,1.1801075328790551,0.0,0.456,0.238,0.466,2.865561633530919,2.138,7.416081059012109,0.18814753999999834,0.0
2050-05-08 04:00:00,0.7364144142413925,0.8104604226620926,0.0,0.0,0.0,0.0,0.0,0.0,0.44185624000000345,0.0,2.207,6.36,0.0,0.0,1.0056683280818977,0.0,0.0,0.0,0.0,3.5393740993469667,2.138,8.311529024828154,2.207,0.0
2050-05-08 05:00:00,0.9357162672970071,2.303,0.0,0.832,0.0,0.0,0.0,0.11116092177037729,0.0,0.0,2.207,6.36,0.0,0.9192246716277539,1.015585641093555,0.0,0.0,0.238,0.466,0.0,0.5278153999999962,5.40243232371081,2.207,0.0
2050-05-08 06:00:00,0.8331269217846146,2.303,0.0,0.0,0.0,0.0,0.2239290475362905,0.0,2.138,0.0,0.0,1.2276006898473906,0.0,0.5714278799209564,0.8930921581447748,0.832,0.456,0.238,0.0,4.44,0.0,7.940883363771539,2.207,0.0
2050-05-08 07:00:00,0.21936956942545896,0.9022093266971275,0.6813735333648618,0.0,0.0,0.0,0.466,0.0,2.138,0.0,0.0,6.36,0.0,0.0,0.0,0.0,0.456,0.0,0.466,4.44,2.138,7.9719874777856194,2.207,0.0
2050-05-08 08:00:00,0.18012139166529598,0.1542115096603378,0.0,0.832,0.0,0.0,0.0,0.0,0.0,0.0,1.423323400000001,6.36,0.0,0.0,0.7060162918274755,0.0,0.456,0.238,0.466,1.2516940681074935,0.0,9.020369966862223,0.0,0.0
2050-05-08 09:00:00,0.5556925105696225,0.09563180406447547,0.5025583724776118,0.832,0.0,0.0,0.0,0.0,0.0,0.0,1.2316103499999986,6.36,0.0,0.0,0.0,0.0,0.0,0.0,0.466,3.1850868417639866,2.138,8.75063283736187,2.207,0.0
2050-05-08 10:00:00,0.0,1.0234078396113444,0.2470209224496923,0.0,0.0,0.0,0.0,0.0,0.0,0.0,0.0,4.2156497500000025,0.24964716866944311,0.0,0.0,0.0,0.0,0.0,0.466,1.6145513514224645,0.0,4.931314455560289,0.0,0.0
2050-05-08 11:00:00,0.25937833702607527,1.0895789871979866,0.0,0.0,0.456,0.0,0.0,0.0,0.0,0.0,0.9195854500000031,6.36,0.0,0.0,0.02078820696245831,0.0,0.0,0.0,0.466,0.3002836864476608,2.138,4.924006674671956,0.0,0.0
2050-05-08 12:00:00,0.172479904660845,0.27236981003526983,0.0,0.0,0.456,0.19998125206304546,0.0,0.0,0.0,4.847652024238475,2.207,5.717178710152611,0.0,0.0,0.0,0.0,0.0,0.238,0.0,0.0,0.0,9.020369966862223,2.207,0.0
2050-05-08 13:00:00,0.0,1.2187481953699928,0.7583718799002556,0.0,0.456,0.0,0.466,0.0,0.0,0.0,0.810265370614518,6.078930379385483,0.5228172299174353,0.0,0.0,0.0,0.0,0.0,0.466,4.022922327036161,0.0,9.020369966862223,0.0,0.0
2050-05-08 14:00:00,0.0,0.0,0.8301942079551143,0.0,0.0,0.0,0.0,0.0,0.0,0.7894382498014068,2.207,1.7489126999999982,0.3623444361346255,0.0,0.0,0.10666928583460611,0.456,0.238,0.0,1.5172978288319223,2.138,9.020369966862223,0.0,0.0
2050-05-08 15:00:00,0.0,0.369542797084651,0.0,0.832,0.06798427941973317,0.0,0.0,0.0,0.0,0.0,0.0,6.36,0.3725812268390829,0.0,0.0,0.0,0.0,0.0,0.466,1.752455275043511,2.138,4.258834652819801,2.207,0.0
2050-05-08 16:00:00,0.0,0.6791394879390531,0.0,0.0,0.20874322256678746,0.0,0.0,4.44,0.21860721015261397,0.0,0.0,6.36,0.638356323041211,0.0,0.0,0.832,0.456,0.238,0.0,0.11897828384728182,0.0,0.03561594858517381,0.0,0.0
2050-05-08 17:00:00,0.8834237338705369,0.0,0.8117398446260946,0.0,0.456,0.0,0.466,0.20580481486664448,0.0,0.0,0.0,6.36,0.0,0.20069443629798767,0.0,0.0,0.0,0.0,0.466,0.0,0.0,0.0,0.28253254999999733,0.0
2050-05-08 18:00:00,0.0,0.25666116503773084,0.23637520105727344,0.832,0.0,0.0,0.0,0.0,0.0,0.0,0.6000446101526133,6.36,0.08958622512206205,0.0,0.0,0.0,0.0,0.0,0.466,2.512531116278503,0.0,4.237796118311332,2.207,0.0
2050-05-08 19:00:00,0.3779694180542047,2.303,0.7598184592214844,0.0,0.0,0.0,0.0,0.0,0.0,0.0,0.0,4.724596249999999,0.0,1.2039838102037441,0.0,0.0,0.456,0.238,0.0,1.5585102122525316,0.0,5.3470434426513584,0.0,0.0
2050-05-08 20:00:00,0.5352969712655552,1.0200047325339328,0.0,0.0,0.07245474097971027,0.0,0.0,0.0,0.0,0.0,0.0,3.7368577500000004,0.0,0.0,0.0,0.0,0.456,0.0,0.0,0.8814223969048187,0.0,4.006319137303647,0.0,0.0
2050-05-08 21:00:00,0.8622896783571163,0.9311828449753284,0.0,0.0,0.1528491838110685,0.0,0.466,2.2418489981043637,1.378013120000002,0.0,0.0,6.36,0.0,0.0,0.0,0.0,0.0,0.0,0.0,4.44,0.0,4.655344142294464,0.0,0.0
2050-05-08 22:00:00,0.0888051731449625,0.02250169814639391,2.003,0.832,0.22943171604799725,0.0,0.0,0.0,2.138,0.0,0.6382028200000018,0.0,0.0,0.0,0.0,0.0,0.0,0.0,0.466,0.018872014089695632,2.138,6.0863656895708855,0.0,0.0
2050-05-08 23:00:00,0.15414757641637167,0.6740837163287703,2.003,0.0,0.19090937516251102,0.238,0.466,0.7509286845121244,2.138,0.0,0.0,2.8784158500000014,0.0,0.0,0.0,0.0,0.0,0.0,0.0,0.0,0.0,0.29548051588670354,0.0,0.0
2050-06-26 00:00:00,0.9137529098638971,2.303,0.0,0.0,0.0,0.0,0.0,2.6990026616310043,2.138,2.0481099644958345,0.0,1.7000730300000004,0.0,0.030971734521102467,2.003,0.0,0.456,0.238,0.466,0.0,0.0,0.0,2.207,0.0
2050-06-26 01:00:00,0.879103311599465,1.4391076198550876,0.0,0.832,0.0,0.0,0.0,4.44,0.0,0.8045066078996927,0.0,3.150976220000002,0.0,0.0,2.003,0.0,0.456,0.238,0.466,3.6830995317014796,0.0,0.0,2.207,0.0
2050-06-26 02:00:00,0.9819727058129015,1.3922830363142888,0.0,0.0,0.0,0.0,0.0,1.4275563127391564,0.0,3.1023147674226883,0.0,0.0,0.0,0.0,2.003,0.0,0.456,0.238,0.466,0.0,0.0,0.0,0.0,4.672712861344399
2050-06-26 03:00:00,0.4550214351134213,2.303,0.0,0.832,0.0,0.0,0.0,4.44,0.0,2.1579024683000037,0.0,1.1702533099999997,0.0,0.8696688454278136,2.003,0.0,0.456,0.238,0.466,0.0,0.0,0.0,0.0,6.36
2050-06-26 04:00:00,0.8590199313910414,0.14928595369124809,0.0,0.832,0.0,0.0,0.0,3.9190452517647496,2.138,5.5029442464482825,0.0,0.0,0.0,0.0,2.003,0.0,0.456,0.238,0.466,0.0,0.0,0.0,0.0,6.36
2050-06-26 05:00:00,1.11151711783296,1.0884655636525387,0.0,0.0,0.0,0.0,0.0,4.44,2.138,2.154637859601174,0.0,0.0,0.0,0.0,2.003,0.0,0.456,0.238,0.466,0.0,0.0,0.0,0.0,0.47589671015260926
2050-06-26 06:00:00,0.6567287798262985,0.25847472000271665,0.0,0.832,0.0,0.0,0.0,3.2622489930255547,2.138,0.5376926217781889,0.0,0.0,0.0,0.0,2.003,0.0,0.456,0.238,0.466,0.0,0.0,0.0,0.25241055000000046,0.0
2050-06-26 07:00:00,0.7706139329810174,1.0515380502468785,0.0,0.832,0.0,0.0,0.0,4.44,2.138,4.966660886733062,0.0,0.0,0.0,0.0,2.003,0.0,0.456,0.238,0.466,0.0,0.0,0.0,0.0,4.520768899999998
2050-06-26 08:00:00,0.27774762662513497,1.3156250945063972,0.0,0.0,0.0,0.0,0.0,4.44,0.0,3.2337183882656033,2.207,0.0,0.0,0.0,2.003,0.0,0.456,0.238,0.466,4.202421966893294,0.0,9.020369966862223,0.0,2.9408013000000004
2050-06-26 09:00:00,1.0144197855660004,0.6088577401927575,0.0,0.832,0.0,0.0,0.0,0.0,2.138,0.352946429764768,0.9047133560469134,6.36,0.0,0.0,2.003,0.0,0.456,0.238,0.466,0.0,0.17274066619951567,0.0,2.207,0.0
2050-06-26 10:00:00,0.9148373083204296,0.7371495526654065,0.0,0.832,0.0,0.0,0.0,0.0,0.0,0.0,0.0,3.1168765398473894,0.0,0.0,2.003,0.0,0.456,0.238,0.466,0.08740453100197954,0.0,2.14424050023464,0.0,0.0
2050-06-26 11:00:00,0.9652324033824637,0.8156250065348676,0.0,0.832,0.0,0.0,0.0,0.40660837182726994,0.0,0.0,0.0,6.1919169000000025,0.0,0.0,1.5743044549566765,0.0,0.456,0.238,0.466,0.0,2.138,1.823034103023842,0.0,0.0
2050-06-26 12:00:00,0.7345842514870975,1.187447270244633,0.0,0.0,0.0,0.0,0.3896618653706958,0.0,0.9747738000000012,0.0,0.0,6.36,0.0,0.0,0.0,0.0,0.0,0.238,0.0,2.052839910960274,0.0,2.2509400354104763,2.207,0.0
2050-06-26 13:00:00,0.4673167697709709,2.303,0.0,0.0,0.0,0.0,0.0,0.0,0.0,0.0,0.0,5.930804300000002,0.0,0.514772996661757,0.11748441905302087,0.0,0.456,0.0,0.466,2.7750770347824583,0.0,5.575537969019777,0.0,0.0
2050-06-26 14:00:00,0.0,1.4509819586335237,1.0213738967920525,0.832,0.0,0.0,0.0,0.0,0.0,0.0,0.0,6.090074774577684,0.6371444826711591,0.0,0.0,0.832,0.0,0.238,0.466,2.281593870174305,0.0,5.10854792418322,0.0,0.0
2050-06-26 15:00:00,0.0649385308020034,0.5290520328103556,0.31289949307385956,0.0,0.0,0.0,0.466,0.0,0.0,0.0,0.22510510000000394,6.36,0.0,0.0,0.0,0.0,0.0,0.0,0.466,3.285399344533368,0.0,6.59821364115129,0.0,0.0
2050-06-26 16:00:00,0.7070603357778561,0.5106948099011912,0.9915143836804792,0.0,0.0,0.0,0.0,0.0,0.0,0.0,0.0,6.36,0.0,0.0,0.0,0.0,0.0,0.238,0.466,1.6657796065179598,0.32629293984738794,4.530023627756458,0.0,0.0
2050-06-26 17:00:00,0.9095945672352279,0.9760633993742397,0.8744388851407399,0.832,0.0,0.0,0.466,0.5633799882599844,0.0,0.0,0.0,5.64350936015261,0.0,0.0,2.003,0.0,0.0,0.0,0.466,4.44,0.0,6.340835066016935,0.0,0.0
2050-06-26 18:00:00,0.5968187206404157,0.0,0.0,0.43484040210277075,0.0,0.0,0.0,0.0,0.0,0.0,0.0,4.806271060152611,0.0,0.0,0.0,0.0,0.456,0.238,0.466,1.52569512244479,0.0,4.283458169094908,0.0,0.0
2050-06-26 19:00:00,1.421474180406305,0.8418483398072522,0.0,0.832,0.0,0.0,0.0,0.0,0.0,0.0,2.135661023590168,6.36,0.0,0.0,1.8500290537467925,0.0,0.456,0.0,0.466,0.5965537308880493,2.138,5.2417970015862245,0.0,0.0
2050-06-26 20:00:00,1.369653226613162,0.7327095343791328,0.0,0.832,0.0,0.0,0.0,0.0,0.0,0.0,0.0,6.36,0.0,0.0,1.8939484987652757,0.0,0.456,0.0,0.466,1.2852284342057039,0.0,3.022849339522171,0.0,0.0
2050-06-26 21:00:00,0.8589269543847745,1.4068771221327707,0.0,0.0,0.0,0.238,0.0,0.0,0.0,1.982633605460915,0.0,1.703853940000002,0.0,0.0,2.003,0.0,0.0,0.238,0.466,2.397042591002479,0.0,9.020369966862223,0.0,0.0
2050-06-26 22:00:00,0.6052764340514292,1.2760110464668468,0.0,0.0,0.0,0.0,0.0,0.0,0.0,0.0,1.1668252900000038,6.36,0.0,0.0,1.5116540501034712,0.0,0.456,0.238,0.466,0.0,0.0,3.0048512603988335,2.207,0.0
2050-06-26 23:00:00,0.7275826634328945,0.3327753461240519,0.0,0.832,0.0,0.0,0.0,0.8385953053139907,2.138,0.0,0.0,3.682579940000002,0.0,0.0,2.003,0.0,0.456,0.238,0.466,4.44,2.138,3.301254120002476,0.0,0.0
2050-06-27 00:00:00,0.6914517489582428,1.5685578519926167,0.0,0.832,0.0,0.05305496014022404,0.0,0.0,0.0,0.0,0.0,2.944979599847393,0.0,0.0,2.003,0.0,0.456,0.238,0.466,1.7719972011303042,0.0,4.557100151388909,0.0,0.0
2050-06-27 01:00:00,0.5909386202723984,0.18075820776359786,0.0,0.832,0.0,0.0,0.019478599566438604,0.0,0.0,1.139107924683532,0.0,0.0,0.0,0.0,1.8020479519700658,0.0,0.456,0.238,0.466,0.0,0.32787539297074497,0.0,0.0,0.0
2050-06-27 02:00:00,0.9132991246842846,2.303,0.0,0.832,0.0,0.0,0.0,2.8633691188009815,0.0,0.0,0.1926761916658113,3.1419865383341903,0.0,0.8473776579033394,2.003,0.0,0.05925950991921214,0.238,0.466,0.0,2.138,0.0,0.0,0.0
2050-06-27 03:00:00,0.4966521978944872,0.11824687841725146,0.0,0.832,0.0,0.0,0.0,3.1530590603988307,0.0,0.0,0.9787068300000037,0.0,0.0,0.0,1.6599578506541284,0.0,0.456,0.238,0.466,0.0,0.0,0.0,0.0,0.0
2050-06-27 04:00:00,1.006610348874064,1.1709231132411255,0.0,0.832,0.0,0.0,0.0,2.301217730398828,2.138,0.0,0.0,1.4609812307610857,0.0,0.0,2.003,0.0,0.0,0.238,0.466,0.0,0.0,0.0,0.0,6.36
2050-06-27 05:00:00,0.053273566273107004,1.0373694407828293,0.0,0.0,0.0,0.238,0.0,2.286600550398828,0.0,0.0,0.0,2.6008621000000005,0.0,0.0,1.028993072706389,0.0,0.456,0.238,0.466,0.0,0.0,0.0,0.0,6.36
2050-06-27 06:00:00,0.9363315588856659,1.0857110687379605,0.0,0.0,0.0,0.0,0.0,2.7830510313158916,0.0,0.0,0.0,0.0,0.0,0.0,2.003,0.0,0.456,0.238,0.466,0.0,0.0,0.0,0.0,0.15669500089398392
2050-06-27 07:00:00,0.46095325090611483,1.1915675358588196,0.0,0.0,0.0,0.0,0.0,2.4423062732935312,0.0,0.0,0.0,0.0,0.0,0.0,1.780069692764921,0.0,0.0,0.238,0.466,0.0,0.0,0.8586027643527281,0.0,0.0
2050-06-27 08:00:00,1.0930143702906858,0.47794107226570315,0.0,0.832,0.0,0.0,0.0,0.13005537382398158,2.138,0.0,0.0,0.0,0.0,0.0,1.8285487466992585,0.0,0.456,0.0,0.466,0.0,2.138,0.0,0.0,0.2920702999999989
2050-06-27 09:00:00,0.9012992178624272,0.620801042638754,0.0,0.832,0.0,0.0,0.0,0.0,0.0,0.0,0.8253528500000034,6.36,0.0,0.0,1.6360295795877793,0.0,0.456,0.238,0.466,0.34417400772471174,0.0,2.7650026698684993,0.0,0.0
2050-06-27 10:00:00,1.2125638717378973,0.7655643183502812,0.0,0.832,0.0,0.0,0.0,0.0,0.0,0.0,0.6493259581731441,6.36,0.0,0.0,1.8229214708595824,0.0,0.456,0.0,0.466,1.1962981796911434,0.0,3.573188535248054,0.0,0.0
2050-06-27 11:00:00,0.9064472639890867,2.303,0.0,0.0,0.456,0.0,0.0,0.0,0.0,0.0,0.6905023999999997,6.36,0.0,0.5903339768415742,1.2970579241878144,0.0,0.456,0.0,0.466,0.3129850673498633,2.138,3.3653696019661243,0.0,0.0
2050-06-27 12:00:00,0.9971296398633881,2.303,0.06552440343874066,0.0,0.0,0.0,0.0,0.0,0.0,0.0,0.22220921203536592,6.36,0.0,0.4875598132579456,2.003,0.0,0.0,0.0,0.466,4.44,0.46917131203536344,7.540874223141315,0.0,0.0
2050-06-27 13:00:00,1.0557453030539774,2.303,0.0,0.0,0.0,0.0,0.0,0.0,0.0,0.0,1.3865555156478315,6.36,0.0,0.4276407324567352,1.2717792594299056,0.0,0.0,0.0,0.466,4.44,0.9036193156478305,9.020369966862223,0.0,0.0
2050-06-27 14:00:00,0.5985149589326759,1.078393467511571,0.0,0.832,0.0,0.0,0.0,0.0,0.0,0.0,0.9847147481911322,6.36,0.0,0.0,0.5084764183390805,0.0,0.0,0.0,0.466,4.44,0.433083475107194,8.348615132195444,0.0,0.0
2050-06-27 15:00:00,0.9749472918308487,2.303,0.6987323732295154,0.0,0.456,0.0,0.0,0.9843012686681636,0.0,0.0,2.207,6.36,0.0,1.4590985047847764,0.0,0.0,0.456,0.238,0.466,4.44,0.0,9.020369966862223,0.0,1.3947962999999994
2050-06-27 16:00:00,1.0092812835784448,0.9858951814016796,0.0,0.832,0.0,0.0,0.0,0.0,0.0,0.0,1.049008273320215,6.36,0.0,0.0,0.8659095650557305,0.832,0.0,0.238,0.466,4.44,0.7844485131676038,9.020369966862223,0.0,0.0
2050-06-27 17:00:00,1.393303675399983,1.0365472506619517,0.0,0.832,0.0,0.0,0.0,0.0,0.0,0.0,0.5703407989715239,6.36,0.0,0.0,1.3609892353282151,0.0,0.456,0.238,0.466,4.44,0.7189240388189142,7.967165428153169,0.0,0.0
2050-06-27 18:00:00,1.3367812209313534,0.9569234393437832,0.0,0.832,0.0,0.0,0.0,0.24310434876495357,0.0,0.0,1.8307805519410905,6.36,0.0,0.0,1.318833754327576,0.0,0.456,0.238,0.466,4.44,0.0,9.020369966862223,0.0,0.0
2050-06-27 19:00:00,1.2368233026506439,0.8811697327260534,0.0,0.832,0.0,0.0,0.0,0.0,0.0,0.0,0.0,6.36,0.0,0.0,2.003,0.0,0.456,0.238,0.466,3.7400984299301605,0.0,9.020369966862223,0.0,0.0
2050-06-27 20:00:00,1.3722415920450595,0.8093983949424228,0.0,0.832,0.0,0.0,0.0,0.0,0.0,0.0,1.0400777177693472,6.36,0.0,0.0,1.683364676741233,0.0,0.456,0.0,0.466,2.238219888694049,0.0,9.020369966862223,0.0,0.0
2050-06-27 21:00:00,0.9466559141883125,0.6555103253802628,0.0,0.832,0.0,0.0,0.0,0.6995304735366048,0.0,0.0,0.0,6.36,0.0,0.0,2.003,0.0,0.456,0.238,0.466,4.44,0.0,9.020369966862223,0.0,0.0
2050-06-27 22:00:00,0.8951417699643557,1.3474308637224635,0.08703133314606482,0.0,0.0,0.0,0.0,0.3458547633839988,0.0,0.0,0.43082395984739286,6.36,0.0,0.0,2.003,0.0,0.456,0.238,0.466,4.44,0.0,9.020369966862223,0.0,0.0
2050-06-27 23:00:00,1.1360202560521535,0.4014359238567151,0.0,0.832,0.0,0.0,0.0,0.6185630895439109,0.0,0.978310129270966,0.0,0.0,0.0,0.0,1.321963881208994,0.0,0.0,0.238,0.466,4.44,0.7571446799999961,9.020369966862223,0.0,0.0
2050-06-28 00:00:00,0.8837884844835843,1.1565003479698959,0.0,0.0,0.0,0.0,0.0,0.0,0.0,0.0,0.0,5.823613280000002,0.0,0.0,2.003,0.0,0.0,0.238,0.466,1.0008485545760628,2.138,4.341660234974891,0.0,0.0
2050-06-28 01:00:00,0.7625926796276478,1.0942250316470208,0.059477663634689426,0.0,0.456,0.0,0.1586365918990742,0.0,0.0,0.0,0.0,0.0,0.0,0.0,2.003,0.0,0.0,0.238,0.466,0.0,0.0,2.973129080398828,0.0,0.0
2050-06-28 02:00:00,0.823626470231238,1.0484368518947829,0.0,0.0,0.0,0.0,0.0,2.4078706199359763,0.0,0.0,0.0,0.0,0.0,0.0,2.003,0.0,0.456,0.0,0.466,0.0,2.138,0.07737667046285068,0.0,1.1601215299999978
2050-06-28 03:00:00,1.027233078410387,0.19331452460129506,0.4000244040192653,0.832,0.0,0.0,0.466,2.6196906703988274,0.0,0.0,0.0,2.0121680700000013,0.0,0.0,2.003,0.0,0.456,0.238,0.466,0.0,0.0,0.0,0.0,0.0
2050-06-28 04:00:00,0.9355093018068271,1.029525879111397,0.0,0.0,0.456,0.238,0.0,2.1686242121835377,0.0,0.0,0.0,0.0,0.0,0.0,2.003,0.0,0.456,0.238,0.466,0.0,0.0,0.3195563782152897,0.0,2.865521120152609
2050-06-28 05:00:00,0.9329044696920824,0.21783007312000313,0.0,0.832,0.0,0.0,0.0,2.8571419604458805,0.0,0.0,0.16418007004705348,0.0,0.0,0.0,0.9836780053624762,0.0,0.456,0.0,0.466,0.0,0.0,0.0,0.0,2.980312570047052
2050-06-28 06:00:00,0.4980128951328049,1.8774225195438392,0.0,0.0,0.37407082244527,0.0,0.0,2.892734561558936,0.1856530646715333,0.0,0.0,0.0,0.0,0.0,2.003,0.0,0.456,0.0,0.466,0.0,0.0,0.0,0.0,2.537057364671532
2050-06-28 07:00:00,0.9062968964672219,1.2002210697938898,0.0646083637886461,0.0,0.0,0.0,0.0,0.0,0.0,0.0,0.0,0.0,0.0,0.0,2.003,0.0,0.0,0.238,0.0,0.40148494607031626,0.0,3.9548912873411695,0.0,0.0
2050-06-28 08:00:00,0.6268894702805051,1.2648984419639957,0.4509607178158975,0.0,0.0,0.238,0.466,0.0,0.0,1.6148795762590948,0.0,0.0,0.0,0.0,2.003,0.0,0.456,0.238,0.466,3.1072724263168947,0.0,9.020369966862223,0.0,0.0
2050-06-28 09:00:00,1.1905709345709772,1.5412502014932854,0.0,0.832,0.0,0.0,0.0,1.8586835370205375,0.0,0.0,0.0,1.6162262000000034,0.0,0.0,2.003,0.0,0.0,0.238,0.466,4.44,0.0,3.7666486775304886,0.0,0.0
2050-06-28 10:00:00,1.268819023955671,1.5180461644718966,0.0,0.0,0.0,0.0,0.3013288869748436,0.0,0.0,0.9743167517821405,2.207,1.3853110398473945,0.0,0.0,2.003,0.0,0.0,0.0,0.466,0.5875764755451307,0.0,9.020369966862223,0.0,0.0
2050-06-28 11:00:00,1.0047347132605977,2.303,0.10137045049405047,0.0,0.456,0.0,0.0,0.0,0.0,0.0,0.0,4.539151600000004,0.0,0.6470616495289149,2.003,0.0,0.456,0.238,0.0,2.5990946348119675,0.0,5.038223579467555,0.0,0.0
2050-06-28 12:00:00,0.8649068672818118,2.303,0.0,0.0,0.0,0.0,0.0,0.0,0.0,0.0,1.0106293601526097,6.36,0.0,0.540695786829361,0.5433573698793024,0.0,0.0,0.0,0.466,0.42181122343392263,2.138,4.115276923910819,0.0,0.0
2050-06-28 13:00:00,1.1621110300208253,2.303,0.6038359103833786,0.832,0.0,0.238,0.0,0.0,0.0,0.0,0.4546121416915403,6.36,0.0,0.4763701011225643,2.003,0.832,0.0,0.0,0.466,4.44,0.44179684169154054,7.2454301764739535,0.0,0.0
2050-06-28 14:00:00,0.43439359162492575,0.0,0.6745475806876124,0.832,0.0,0.0,0.466,0.0,0.3595688999999993,0.0,2.207,6.36,0.0,0.2944509981258656,0.0,0.0,0.456,0.0,0.466,1.7005527367920257,2.138,7.0798737957943585,0.0,0.0
2050-06-28 15:00:00,0.0,2.303,0.0,0.0,0.0,0.0,0.0,0.0,0.0,0.0,1.6130176882382914,5.0727623313403525,0.8247970999699555,0.4328577854027241,0.13656913198212828,0.0,0.456,0.0,0.466,4.44,0.06713330212577806,9.020369966862223,0.0,0.0
2050-06-28 16:00:00,0.7693067533065984,0.5107562489093576,0.0,0.0,0.0,0.0,0.0,0.37485661271377924,0.0,0.0,1.5770760749259072,4.692025785226706,0.0,0.0,0.2078860272677886,0.0,0.0,0.238,0.466,4.44,0.0,9.020369966862223,0.0,0.0
2050-06-28 17:00:00,1.316813513078674,0.9108740461874251,0.0,0.832,0.0,0.0,0.0,0.0,0.0,0.0,1.5358184867607934,6.36,0.0,0.0,0.9689400155713668,0.0,0.456,0.0,0.466,2.065272346927124,2.138,6.4536393388919,0.0,0.0
2050-06-28 18:00:00,0.772293342363869,2.303,0.0,0.0,0.0,0.0,0.0,0.0,0.0,0.0,1.11134306659563,6.36,0.0,0.68625768709925,0.9021281606747499,0.0,0.0,0.0,0.466,4.44,0.0,7.975066006154485,0.0,0.0
2050-06-28 19:00:00,0.49255883710453874,1.4704461335734438,0.0,0.0,0.0,0.0,0.0,0.0,0.0,0.0,2.207,6.36,0.0,0.0,0.32322009171848,0.0,0.0,0.0,0.466,4.44,0.0,9.020369966862223,0.0,0.0
2050-06-28 20:00:00,0.26502595958079234,1.3162384399627394,0.0,0.0,0.0009716627882827567,0.0,0.0,0.0,0.0,0.0,0.0,6.36,0.0,0.0,0.0,0.0,0.0,0.0,0.466,3.699895586463394,0.0,9.020369966862223,0.0,0.0
2050-06-28 21:00:00,0.09490863934260488,1.1528035350557246,0.41549864157094907,0.0,0.0,0.0,0.0,0.3862323162309206,0.0,0.0,0.3128525526943168,6.36,0.0,0.0,0.0,0.0,0.0,0.0,0.466,4.44,2.138,9.020369966862223,0.0,0.0
2050-06-28 22:00:00,0.5754001692634901,0.2274066473597074,0.7718122019964947,0.832,0.0,0.0,0.0,0.0,0.0,0.0,2.207,6.36,0.0,0.0,0.0,0.0,0.0,0.238,0.466,2.7073256764633937,0.33906644614309567,9.020369966862223,0.0,0.0
2050-06-28 23:00:00,0.0,0.9957881883508733,0.9354359103119058,0.0,0.0,0.0,0.0,0.0,2.138,0.0,1.2141475392883816,5.706227702277918,0.5330103955533977,0.0,0.0,0.0,0.456,0.0,0.466,0.9595757420926533,2.138,9.020369966862223,0.0,0.0
2050-08-01 00:00:00,0.5648873234289916,1.1152972762891995,0.0,0.0,0.0,0.0,0.0,0.0,0.0,0.0,0.0,0.0,0.0,0.0,2.003,0.0,0.456,0.238,0.466,0.0,2.138,3.029282120398828,0.0,0.024122990152608992
2050-08-01 01:00:00,0.0,1.6366590748212104,0.0,0.832,0.0,0.0,0.0,4.44,0.0,0.0,0.0,4.4090849100000025,0.0,0.0,2.003,0.5791506601012709,0.456,0.238,0.466,3.5430536628648297,0.0,0.0,2.207,0.0
2050-08-01 02:00:00,0.0,1.0435370674006346,0.0,0.0,0.0,0.0,0.0,4.44,0.0,0.0,0.5053694802320461,1.1504751197679557,0.26849053602469586,0.0,2.003,0.0,0.456,0.238,0.466,1.1044002580679577,0.0,0.0,0.0,0.0
2050-08-01 03:00:00,0.0,1.6283282887427997,0.0,0.832,0.0,0.0,0.0,0.0,2.138,0.0,0.0,3.677062270000002,0.0,0.0,2.003,0.5808323101309544,0.456,0.238,0.466,0.11338897295575023,2.138,0.29248273335457853,2.207,0.0
2050-08-01 04:00:00,0.0,1.0736432703553285,0.0,0.0,0.0,0.0,0.0,4.071359649191654,2.138,5.197281813875188,0.0,0.0,0.19608247817050503,0.0,2.003,0.0,0.456,0.238,0.466,0.0,0.0,0.0,0.0,0.37172523999999996
2050-08-01 05:00:00,0.0,1.6242375011866885,0.0,0.832,0.0,0.0,0.0,4.44,2.138,0.0,0.15590925000000055,0.0,0.0,0.0,2.003,0.7013635495459748,0.456,0.238,0.466,1.542993139601172,0.0,0.0,0.0,0.0
2050-08-01 06:00:00,0.0,1.6440057468256666,0.0,0.0,0.0,0.0,0.0,4.44,0.0,0.0,0.03059238001626996,3.020438109831122,0.0,0.0,2.003,0.4941167494827976,0.456,0.238,0.466,1.1233282562291356,0.0,0.0,0.0,0.0
2050-08-01 07:00:00,0.011111612279132849,1.2283292548663347,0.0,0.0,0.0,0.0,0.0,0.0,2.138,0.0,0.0,1.4708008500000034,0.0,0.0,2.003,0.0,0.456,0.238,0.466,0.6631508347469315,0.0,3.967110831581859,0.0,0.0
2050-08-01 08:00:00,0.05482487093055524,1.586477997079323,0.0,0.0,0.0,0.0,0.0,0.0,2.138,0.0,0.0,5.13676205,0.0,0.0,2.003,0.0,0.456,0.238,0.466,2.229423473383436,0.0,3.9485253582930433,2.207,0.0
2050-08-01 09:00:00,0.12399588913613793,1.6427104528234695,0.0,0.0,0.0,0.0,0.0,4.44,0.0,0.0,1.0574358000000004,0.0,0.0,0.0,2.003,0.0,0.456,0.238,0.466,2.2330035276786155,0.0,3.434665236200222,0.0,0.0
2050-08-01 10:00:00,0.1685189393291149,1.683745211965147,0.0,0.0,0.0,0.0,0.0,0.8511647441791848,0.0,0.0,0.0,2.99143453984739,0.0,0.0,2.003,0.0,0.456,0.238,0.466,4.44,0.0,5.581704977432654,0.0,0.0
2050-08-01 11:00:00,0.21377975402649776,1.672203622806784,0.0,0.0,0.0,0.0,0.0,0.0,0.0,0.0,0.0,3.9448722000000025,0.0,0.0,2.003,0.0,0.456,0.238,0.466,2.224118875363967,0.0,4.406731902862621,0.0,0.0
2050-08-01 12:00:00,1.1138432737079103,0.8450190720979148,0.0,0.832,0.0,0.0,0.0,0.0,0.0,0.0,0.0,5.222487400000002,0.0,0.0,2.003,0.0,0.456,0.238,0.466,3.8956756682617817,0.0,6.628445157937332,0.0,0.0
2050-08-01 13:00:00,0.7006533821808562,1.019753978960666,0.0,0.832,0.0,0.0,0.0,0.0,0.0,0.0,2.207,6.1016501000000005,0.0,0.0,2.003,0.0,0.456,0.238,0.466,3.4686427263851733,2.138,8.817609799914205,0.0,0.0
2050-08-01 14:00:00,1.22145704708098,0.36977456247095475,0.0,0.832,0.0,0.0,0.0,0.0,0.0,0.0,2.1867563152089646,6.248258593378512,0.0,0.0,2.003,0.0,0.456,0.238,0.466,3.867035167091241,2.138,9.020369966862223,0.0,0.0
2050-08-01 15:00:00,0.0,1.475366406426732,0.05740459641730569,0.0,0.0,0.0,0.0,0.0,0.0,0.0,1.5248656266277734,6.36,0.0,0.0,2.003,0.832,0.0572250446216577,0.238,0.466,4.44,1.420087566475162,9.020369966862223,0.0,0.0
2050-08-01 16:00:00,1.568151711534364,1.090852874412537,0.0,0.832,0.0,0.0,0.0,0.0,0.0,0.0,2.1711179601526105,6.36,0.0,0.0,2.003,0.0,0.2112839190300706,0.238,0.466,3.81967087075423,2.138,9.020369966862223,0.0,0.0
2050-08-01 17:00:00,0.8055213790070401,1.0678425007900114,0.0,0.832,0.0,0.0,0.0,0.0,0.0,0.0,2.1376354000000006,6.36,0.0,0.0,2.003,0.0,0.456,0.238,0.466,3.740677065845933,2.138,9.020369966862223,0.0,0.0
2050-08-01 18:00:00,0.0,1.8181548715962248,0.0,0.0,0.0,0.0,0.0,0.0,0.0,0.0,0.0,6.36,0.2615254669021927,0.0,2.003,0.832,0.456,0.238,0.466,4.44,0.0,9.020369966862223,0.0,0.0
2050-08-01 19:00:00,0.4792077578861743,1.7506621758422534,0.0,0.0,0.0,0.0,0.0,0.0,0.0,0.0,0.0,6.36,0.0,0.0,2.003,0.0,0.456,0.238,0.466,4.44,0.0,9.020369966862223,0.0,0.0
2050-08-01 20:00:00,0.2567318029186303,1.6610139321942734,0.0,0.0,0.0,0.0,0.0,0.0,0.0,0.0,0.0,6.36,0.0,0.0,2.003,0.0,0.456,0.238,0.466,3.260533986463396,0.0,9.020369966862223,0.0,0.0
2050-08-01 21:00:00,0.8220688342507835,1.255225244056208,0.0,0.832,0.0,0.0,0.0,0.0,0.0,0.0,1.2530057300000035,6.36,0.0,0.0,2.003,0.0,0.456,0.238,0.466,4.44,0.0,9.020369966862223,0.0,0.0
2050-08-01 22:00:00,0.6175286105306982,1.4871178660420084,0.0,0.832,0.0,0.0,0.0,0.0,0.0,0.0,0.25971174646339534,6.36,0.0,0.0,2.003,0.0,0.456,0.238,0.466,4.44,0.6602448564633914,9.020369966862223,0.0,0.0
2050-08-01 23:00:00,0.0,1.1852116596872255,0.0,0.832,0.0,0.0,0.0,0.0,0.0,0.0,0.0,6.36,0.345181418315315,0.0,2.003,0.832,0.456,0.238,0.466,4.44,0.33105639274200005,7.352250699724562,1.1651050974106072,0.0
2050-08-02 00:00:00,0.8462484122527137,1.1182294195320783,0.0,0.0,0.0,0.0,0.0,0.0,1.340404882364683,0.0,0.9762874497270531,1.4488490477556493,0.0,0.0,2.003,0.0,0.456,0.238,0.466,4.44,0.0,9.020369966862223,0.0,0.0
2050-08-02 01:00:00,0.4357469969958615,1.4185583541090763,0.0,0.832,0.0,0.0,0.0,0.0,0.0,0.0,0.0,4.7576925700000015,0.0,0.0,2.003,0.0,0.456,0.238,0.466,1.517643744463136,0.0,2.162395494861965,2.207,0.0
2050-08-02 02:00:00,0.0,1.7395287465115543,0.0,0.0,0.0,0.0,0.0,0.0,0.0,0.0,0.0,2.006344620000002,0.0,0.0,2.003,0.6887215331541161,0.456,0.238,0.466,0.6987659170288048,0.0,0.01808357197758781,0.0,0.0
2050-08-02 03:00:00,0.0,1.6465932594412567,0.0,0.832,0.0,0.0,0.0,4.44,0.0,0.4249407846160631,0.0,0.0,0.0,0.0,2.003,0.49544845968144335,0.456,0.238,0.466,1.4998746449851086,0.0,0.0,0.0,0.0
2050-08-02 04:00:00,0.0,1.0887397676336152,0.0,0.0,0.0,0.0,0.0,4.44,0.0,1.5639505029881668,0.0,0.0,0.24581411306602094,0.0,2.003,0.0,0.456,0.238,0.466,2.455093896613006,0.0,0.0,2.207,0.0
2050-08-02 05:00:00,0.0,1.6127549345170467,0.0,0.832,0.0,0.0,0.0,0.0,0.0,0.8718860593766284,0.0,6.36,0.0,0.0,2.003,0.691308428905325,0.456,0.238,0.466,1.7169139985705613,0.0,0.0,2.207,1.593753849999997
2050-08-02 06:00:00,0.0,1.6517401346388167,0.0,0.0,0.0,0.0,0.0,0.10238872565665558,0.0,0.7725289270557072,0.0,0.0,0.0,0.0,2.003,0.48068751436167956,0.456,0.238,0.466,0.0,0.0,0.0,0.0,2.7262056999999995
2050-08-02 07:00:00,0.0126530821929898,1.2502571982660777,0.0,0.0,0.0,0.0,0.0,0.0,0.0,0.6974188981502651,0.47666770000000014,0.0,0.0,0.0,2.003,0.0,0.456,0.238,0.466,1.2771866432394758,0.0,0.0,2.207,0.0
2050-08-02 08:00:00,0.011539295310588865,1.3481766836833304,0.0,0.0,0.0,0.0,0.0,0.0,0.0,0.0,0.0,0.0,0.0,0.0,2.003,0.0,0.456,0.238,0.466,2.202366674451087,0.34722520000000046,2.5484295926739238,0.0,0.0
2050-08-02 09:00:00,0.04152437681615753,1.3834932640514588,0.0,0.0,0.0,0.0,0.0,0.0,0.0,0.0,1.2165135000000014,0.0,0.0,0.0,2.003,0.0,0.456,0.238,0.466,0.8404438701427241,0.0,3.071304799718673,0.0,0.0
2050-08-02 10:00:00,0.6587047547526433,0.7334146357668276,0.0,0.832,0.0,0.0,0.0,0.0,0.0,0.0,0.0,2.682289000000001,0.0,0.0,2.003,0.0,0.456,0.238,0.466,0.36675401754431336,0.0,2.0077315249403247,0.0,0.0
2050-08-02 11:00:00,0.5713829816309425,0.8270092865365875,0.0,0.832,0.0,0.0,0.0,0.4451610756314732,0.0,0.0,0.29830443984739574,6.36,0.0,0.0,2.003,0.0,0.456,0.238,0.466,4.44,0.0,4.303612208951334,2.207,0.0
2050-08-02 12:00:00,0.5223811750959453,0.9390288720934897,0.0,0.832,0.0,0.0,0.0,0.26941210414111794,0.0,0.0,2.082788444016714,3.2192308559832874,0.0,0.0,2.003,0.0,0.456,0.238,0.466,4.44,0.0,9.020369966862223,0.0,0.0
2050-08-02 13:00:00,0.4502545747463639,1.0365216114368092,0.0,0.832,0.0,0.0,0.0,0.0,0.0,0.0,1.3160678210969479,6.36,0.0,0.0,2.003,0.0,0.456,0.238,0.466,4.44,1.2361679158223176,8.952139772875292,0.0,0.0
2050-08-02 14:00:00,0.7309385084616192,1.6017113242943193,0.0,0.0,0.0,0.0,0.0,0.0,0.0472925601526093,0.0,2.207,6.36,0.0,0.0,2.003,0.0,0.16233529288275728,0.238,0.466,3.7560417944770754,2.138,9.020369966862223,0.0,0.0
2050-08-02 15:00:00,0.4729918915991985,0.6140611859090035,0.0,0.0,0.0,0.0,0.0,0.0,0.0,0.0,1.4175704745609692,6.36,0.0,0.0,1.0526977768097994,0.0,0.456,0.238,0.466,4.44,1.0444264144083575,9.020369966862223,0.0,0.0
2050-08-02 16:00:00,1.0412758402512616,0.6231699577652519,0.0,0.0,0.0,0.0,0.0,0.0,0.18260626015260684,0.0,2.207,6.36,0.0,0.0,2.003,0.0,0.1557948526234143,0.0,0.466,3.9349472348200627,2.138,9.020369966862223,0.0,0.0
2050-08-02 17:00:00,0.5660165685953782,1.0584623369618624,0.0,0.832,0.0,0.0,0.0,0.0,0.0,0.0,2.022115874577611,6.36,0.0,0.0,2.003,0.0,0.456,0.238,0.466,3.6811894865238735,2.138,9.020369966862223,0.0,0.0
2050-08-02 18:00:00,0.43874890392884514,1.04280089481382,0.0,0.0,0.0,0.0,0.0,0.04930813762295827,0.0,0.0,0.0,6.36,0.0,0.0,2.003,0.0,0.456,0.238,0.466,4.44,0.0,9.020369966862223,0.0,0.0
2050-08-02 19:00:00,0.7749409495577526,0.8458329777950747,0.0,0.832,0.0,0.0,0.0,0.0,0.0,0.0,0.0,6.36,0.0,0.0,2.003,0.0,0.456,0.238,0.466,4.44,0.0,9.020369966862223,0.0,0.0
2050-08-02 20:00:00,1.2105393366144837,0.6993987540195927,0.0,0.832,0.0,0.0,0.0,0.0,0.0,0.0,1.5935623394434595,6.36,0.0,0.0,2.003,0.0,0.3762024633564902,0.238,0.466,1.6302850870199368,0.0,9.020369966862223,0.0,0.0
2050-08-02 21:00:00,0.7845629864934839,1.3612506450794548,0.0,0.0,0.0,0.0,0.0,0.0,0.0,0.0,1.3347909799999993,6.36,0.0,0.0,2.003,0.0,0.013623637505775,0.0,0.466,2.855145636463395,0.0,9.020369966862223,0.0,0.0
2050-08-02 22:00:00,1.0510335274093352,1.2156941117051838,0.014535896563293349,0.0,0.456,0.0,0.0,0.0,0.0,0.0,1.7722803200000001,6.36,0.0,0.0,2.003,0.0,0.0,0.0,0.466,3.150422296463396,2.138,9.020369966862223,0.0,0.0
2050-08-02 23:00:00,0.5011081936007021,2.303,0.0,0.0,0.0,0.0,0.0,0.0,0.0,0.0,0.6792586098473912,6.36,0.0,0.378687641157166,2.003,0.0,0.456,0.238,0.466,2.7465659157736275,2.138,7.519301652756187,0.0,0.0
2050-08-03 00:00:00,0.0,1.6595264054296115,0.0,0.832,0.0,0.0,0.0,0.0,0.0,0.0,0.0,5.958335119847392,0.48411503847998294,0.0,2.003,0.832,0.456,0.238,0.466,1.1093873351732144,2.138,4.7315776923083845,0.0,0.0
2050-08-03 01:00:00,1.042837033622963,1.4485333287059943,0.0,0.832,0.0,0.0,0.0,0.8999672702729473,2.138,0.0,2.207,3.28946865845033,0.0,0.0,2.003,0.0,0.456,0.238,0.466,4.44,0.6072516998584581,9.020369966862223,0.0,0.0
2050-08-03 02:00:00,0.7696086799335687,1.5553745529693406,0.0,0.832,0.0,0.0,0.0,0.0,0.0,0.0,0.0,4.669428569847396,0.0,0.0,2.003,0.832,0.456,0.238,0.466,2.7049354756563577,0.0,3.5404691627915277,2.207,0.0
2050-08-03 03:00:00,0.0,1.2971143104841503,0.0,0.0,0.0,0.0,0.0,0.0,0.0,0.0,0.0,4.18939007527463,0.5154281121162478,0.0,2.003,0.0,0.456,0.238,0.466,0.7314361012544925,0.0,1.215326028608171,2.207,0.0
2050-08-03 04:00:00,0.42818948088957554,1.4645268793711654,0.0,0.832,0.0,0.0,0.0,0.0,0.0,0.0,0.0,4.344014190000001,0.0,0.0,2.003,0.0,0.456,0.238,0.466,1.0759038876051683,0.0,1.5423947380039955,2.207,0.0
2050-08-03 05:00:00,0.0,1.704512083193722,0.0,0.0,0.0,0.0,0.0,0.0,0.0,0.0,0.0,4.910768250000002,0.0,0.0,2.003,0.6013187484049687,0.456,0.238,0.466,1.9856824191170155,0.0,2.6963921795158434,2.207,0.0
2050-08-03 06:00:00,0.0,1.6197919460615582,0.0,0.832,0.0,0.0,0.0,0.0,0.0,0.0,0.0,5.1594203499999995,0.0,0.0,2.003,0.5702276629629109,0.456,0.238,0.466,2.4059900313626486,0.0,3.2234347792316687,2.207,0.0
2050-08-03 07:00:00,0.0,1.2031277793092667,0.0,0.0,0.0,0.0,0.0,0.0,0.0,0.0,0.0,6.36,0.1251297450818187,0.0,2.003,0.0,0.456,0.238,0.466,3.5777303264338354,0.30080894999999863,4.778761891614614,2.207,0.0
2050-08-03 08:00:00,0.0,1.3066940583635502,0.0,0.0,0.0,0.0,0.0,0.0,0.0,0.0,0.2749759599824859,6.36,0.10988378495686166,0.0,2.003,0.0,0.456,0.238,0.466,4.44,1.4961608099824844,8.670682238120266,0.0,0.0
2050-08-03 09:00:00,0.0,1.3189221543017362,0.0,0.10043660230237014,0.0,0.0,0.0,0.0,0.0,0.0,2.207,6.36,0.0,0.0,1.7427680737668734,0.0,0.456,0.238,0.466,2.231399318705363,1.939094749999997,9.020369966862223,0.0,0.0
2050-08-03 10:00:00,0.0,0.7222267666974753,0.0,0.832,0.0,0.0,0.0,0.0,0.0,0.0,0.0,6.36,0.09905004416802299,0.0,1.0917657624351835,0.0,0.456,0.238,0.466,3.800693749126027,2.138,9.020369966862223,0.0,0.0
2050-08-03 11:00:00,0.9809823330891702,0.826427627301259,0.0,0.832,0.0,0.0,0.0,0.0,0.0,0.0,0.0,6.36,0.0,0.0,2.003,0.0,0.456,0.238,0.466,3.6209932489867205,2.138,9.020369966862223,0.0,0.0
2050-08-03 12:00:00,0.2411036914276168,1.2786230570120614,0.0,0.0,0.0,0.0,0.0,0.0,0.0,0.0,0.0,6.36,0.0,0.0,2.003,0.0,0.456,0.238,0.466,2.927812163282649,1.196444299999996,9.020369966862223,0.0,0.0
2050-08-03 13:00:00,0.366343761612706,1.1206934075018777,0.0382699274865117,0.0,0.0,0.0,0.0,0.0,0.0,0.0,1.9204542000000018,6.36,0.0,0.0,2.003,0.0,0.456,0.238,0.466,3.4215026788377423,2.138,9.020369966862223,0.0,0.0
2050-08-03 14:00:00,0.9144099567544439,0.6138391216344508,0.0,0.0,0.456,0.0,0.0,0.0,0.0,0.0,2.207,6.36,0.0,0.0,2.003,0.0,0.456,0.0,0.466,3.9631746645020747,1.8694011999999987,9.020369966862223,0.0,0.0
2050-08-03 15:00:00,0.0,2.303,0.0,0.0,0.0,0.0,0.0,0.0,0.0,0.0,2.207,6.36,0.3036402179981048,0.0,1.1433365460376645,0.33455150303413383,0.456,0.238,0.466,3.7590883561444475,2.1040022398473894,9.020369966862223,0.0,0.0
2050-08-03 16:00:00,0.6708606362452365,0.6371212687232071,0.0,0.0,0.0,0.0,0.0,0.0,0.0,0.0,2.207,6.36,0.0,0.0,1.8374287411927877,0.0,0.456,0.238,0.466,3.8198222612700032,2.123576825422387,9.020369966862223,0.0,0.0
2050-08-03 17:00:00,0.0,1.6425207022819972,0.0,0.26879418740224637,0.0,0.0,0.0,0.0,0.0,0.0,1.4875741601526151,6.36,0.0,0.0,2.003,0.0,0.456,0.238,0.466,3.4224130451272465,2.138,9.020369966862223,0.0,0.0
2050-08-03 18:00:00,0.6625790594124213,1.8119170178584993,0.0,0.0,0.0,0.0,0.0,0.0,0.0,0.0,0.0,6.36,0.0,0.0,1.8567758748154537,0.0,0.456,0.238,0.466,2.6599703006359112,1.2136582000000011,9.020369966862223,0.0,0.0
2050-08-03 19:00:00,0.843726756270626,0.6939088273251824,0.0,0.832,0.0,0.0,0.0,0.0,0.0,0.0,0.9859734346000035,6.36,0.0,0.0,2.003,0.832,0.456,0.0,0.466,2.284332491863391,0.0,9.020369966862223,0.0,0.0
2050-08-03 20:00:00,0.9594623554443288,0.76270502047508,0.0,0.832,0.0,0.04183566070095157,0.0,0.0,0.0,0.0,2.207,6.36,0.0,0.0,2.003,0.0,0.456,0.238,0.466,1.228064137164349,0.0,9.020369966862223,0.0,0.0
2050-08-03 21:00:00,1.363365815998284,0.6126968933116199,0.0,0.832,0.0,0.0,0.0,0.36248103353660355,0.0,0.0,0.0,6.36,0.0,0.0,2.003,0.0,0.23485003520283154,0.238,0.466,4.44,2.138,9.020369966862223,0.0,0.0
2050-08-03 22:00:00,0.14270937573279222,1.317738963621235,0.0,0.0,0.0,0.0,0.0,0.0,0.0,0.0,1.151149963532819,6.36,0.0,0.0,1.292366499913647,0.0,0.456,0.238,0.466,3.585667832930577,2.138,9.020369966862223,0.0,0.0
2050-08-03 23:00:00,1.0335840607929092,1.2058352357967945,0.0,0.0,0.3364829249080331,0.238,0.0,0.0,0.0,0.0,2.207,6.36,0.0,0.0,2.003,0.0,0.0,0.238,0.466,1.6393225749239484,2.138,9.020369966862223,0.0,0.0
2050-08-27 00:00:00,0.7092735478106605,1.0268252223141667,0.0,0.0,0.0,0.0,0.0,0.0,1.2301448074695145,0.0,0.0,6.36,0.0,0.0,2.003,0.0,0.456,0.238,0.466,1.7427329691148978,0.0,0.8587945911682002,0.0,6.36
2050-08-27 01:00:00,1.0534778667355114,0.13576045667961933,0.0,0.832,0.456,0.0,0.0,0.0,1.356800098767149,0.40106723101741615,0.0,1.6268097112328501,0.0,0.0,2.003,0.0,0.456,0.238,0.466,0.0,0.0,0.0,2.207,0.0
2050-08-27 02:00:00,0.7542335681548887,0.07958512136642493,0.0,0.832,0.0,0.0,0.0,2.580167843745023,0.0,1.5391548850628025,1.5754423882833932,0.0,0.0,0.0,1.0262399753169231,0.0,0.456,0.0,0.466,0.0,0.0,0.0,2.207,0.0
2050-08-27 03:00:00,0.7135144521311033,0.847864457738566,0.0,0.0,0.0,0.0,0.0,2.886422700058664,0.05815751000000091,1.3467482996598363,0.0,0.0,0.0,0.0,1.6961650783722237,0.0,0.0,0.0,0.0,0.0,0.0,0.0,0.0,0.0
2050-08-27 04:00:00,0.28604550968148656,0.8008218291396035,0.0,0.0,0.0,0.0,0.18696635044337825,1.5285251803988276,2.138,0.0,0.0,0.0,0.0,0.0,1.1218065750635366,0.0,0.0,0.0,0.466,0.0,0.0,0.0,0.0,2.1057513399999976
2050-08-27 05:00:00,0.6620453076681839,0.763840382988293,0.0,0.0,0.0,0.0,0.466,3.5703283475452077,2.138,1.7416715671463798,0.0,0.0,0.0,0.0,1.311769278622232,0.0,0.0,0.238,0.0,0.0,0.0,0.0,0.0,1.961519749999999
2050-08-27 06:00:00,0.0,0.7099840472466526,0.0,0.0,0.0,0.09008235801729,0.0,4.44,0.0,2.9475535303742846,0.0,0.0,0.05923482676817371,0.0,0.2765652044632354,0.0,0.0,0.0,0.466,0.0,0.0,0.0,0.0,1.9790060178075413
2050-08-27 07:00:00,0.15510650635687942,0.7605203615674139,0.0,0.0,0.0,0.238,0.0,2.96756666788327,0.0,2.2579471817448793,1.0063275500000017,0.0,0.0,0.0,0.32690140805128654,0.0,0.0,0.0,0.466,0.0,0.0,0.0,0.0,0.0
2050-08-27 08:00:00,0.281405795222477,0.9459614276675766,0.0,0.0,0.0,0.0,0.0,2.4390029446314734,0.0,0.0,1.042102522228812,0.0,0.0,0.0,0.8945689071016845,0.0,0.0,0.238,0.0,0.0,2.138,1.3269404189994654,0.0,0.0
2050-08-27 09:00:00,0.5124657908005973,0.05372480193339335,0.0,0.832,0.0,0.0,0.26303268329903484,0.0,0.0,0.0,0.35247789696147036,3.2469567530385306,0.0,0.0,0.10807542876939191,0.0,0.456,0.238,0.0,0.0,0.0,0.0,0.0,0.0
2050-08-27 10:00:00,0.04474373314210903,0.9548763084129853,0.0,0.0,0.0,0.0,0.0,0.7841824830919895,0.0,0.0,0.8321005988753427,6.36,0.0,0.0,0.5467184136631759,0.0,0.0,0.0,0.0,0.0,0.0,0.0,0.0,2.32602454887534
2050-08-27 11:00:00,0.0,1.0149091596940547,0.0,0.0,0.0,0.0,0.0,2.7913120747289217,0.0,0.0,2.207,5.084605680823064,0.2531369717097781,0.0,0.3455516094443174,0.0,0.0,0.238,0.0,0.0,2.138,0.0,0.0,0.0
2050-08-27 12:00:00,0.14020459994314075,0.2403550154701246,0.0,0.832,0.0,0.238,0.0,0.0,2.138,0.0,0.0,0.0,0.0,0.0,0.06438965848004091,0.0,0.456,0.0,0.466,1.4199565989567864,0.8255831601526076,5.449000431497753,0.0,0.0
2050-08-27 13:00:00,0.20260221768596284,0.2812895974254055,0.0,0.832,0.0,0.0,0.0,0.0,0.0,0.0,0.0,6.36,0.0,0.0,0.30028926928476485,0.0,0.456,0.238,0.0,2.1741919571640547,2.138,3.2214197389007904,0.0,2.9183167999999977
2050-08-27 14:00:00,0.3327019319397214,0.30934472580806394,0.0,0.832,0.0,0.0,0.0,0.0,0.0,0.0,0.0,4.220370939847388,0.0,0.0,0.5778032094861797,0.0,0.456,0.238,0.0,1.0073595324633833,2.138,2.2107636174495253,0.0,0.0
2050-08-27 15:00:00,0.3644600678342954,0.3652069607568642,0.0,0.832,0.0,0.0,0.0,0.9069292382337224,2.138,0.0,0.0,0.0,0.0,0.0,0.7961344058559315,0.0,0.456,0.0,0.466,4.44,0.3008875999999958,4.580506973624676,0.0,0.0
2050-08-27 16:00:00,0.5672319606682313,0.410719139615789,0.0,0.832,0.0,0.0,0.0,4.44,0.0,0.0,0.0,3.855360300000001,0.0,0.0,1.1535679468707567,0.0,0.456,0.0,0.466,4.44,2.138,0.9994379908928797,0.0,0.0
2050-08-27 17:00:00,0.6333402207008484,0.39271527268383144,0.0,0.832,0.0,0.0,0.0,0.791208784927163,2.138,0.0,1.1771930999999967,0.0,0.0,0.0,1.2590282577720693,0.0,0.456,0.0,0.466,0.0,2.138,1.1558374482656397,0.0,0.0
2050-08-27 18:00:00,0.47780954157801514,0.39525567488319835,0.0,0.832,0.0,0.0,0.0,0.0,0.0,0.0,0.0,6.36,0.0,0.0,1.1573616251739516,0.0,0.456,0.238,0.466,0.8214009719622104,0.0,1.5645857266526342,0.0,0.25393324999999756
2050-08-27 19:00:00,0.7158855124614051,0.48463328179186793,0.0,0.832,0.0,0.0,0.0,0.0,2.138,0.0,0.7893788464894342,6.36,0.0,0.0,1.5960704749714956,0.0,0.456,0.238,0.466,4.44,0.0,9.020369966862223,0.0,3.2466762064894343
2050-08-27 20:00:00,0.7447832546331844,0.4544810592750552,0.0,0.832,0.0,0.0,0.0,0.0,0.0,0.0,1.00093489,6.36,0.0,0.0,1.5803432683698764,0.0,0.456,0.238,0.466,3.254219841480385,2.138,4.618758816796852,0.0,0.0
2050-08-27 21:00:00,0.6120576683948854,0.32819897283078836,0.0,0.832,0.0,0.0,0.0,0.0,0.0,0.0,0.0,6.36,0.0,0.0,1.229818526962378,0.0,0.456,0.238,0.466,2.535209809119895,0.33514159999999826,3.726009979518724,2.207,0.0
2050-08-27 22:00:00,0.6640481199442886,0.17574655539146988,0.0,0.832,0.0,0.0,0.0,0.0,0.0,0.0,0.44626191750048516,1.9107289124995157,0.0,0.0,1.035787313294163,0.0,0.456,0.0,0.466,0.42082707143160825,0.0,0.0,0.0,0.0
2050-08-27 23:00:00,0.11413910715139067,0.8715936729845585,0.0,0.0,0.0,0.0,0.0,0.6509618209434165,1.1631471900000019,0.7174491685596305,0.0,0.0,0.0,0.0,1.082484935331959,0.0,0.0,0.0,0.466,0.0,0.0,0.0,0.0,0.0
2050-08-28 00:00:00,0.21040221175875248,0.769809552839077,0.0,0.0,0.0,0.0,0.0,3.2119761620275242,0.0,0.0,1.294464361628696,0.0,0.0,0.0,0.8934062371090489,0.0,0.0,0.238,0.0,0.0,0.0,0.0,0.0,0.9118081516286938
2050-08-28 01:00:00,0.7304293200002524,0.3283573366494047,0.0,0.832,0.0,0.0,0.0,3.705696872180801,0.0,2.2330353617819734,0.0,0.0,0.0,0.0,0.6761228879998855,0.0,0.456,0.0,0.0,0.0,0.0,0.0,0.0,0.09734578999999854
2050-08-28 02:00:00,0.17012899927770067,0.3371947506138028,0.3108162584630243,0.832,0.0,0.0,0.0,2.588930302026081,2.138,1.2307106416272537,0.0,0.0,0.0,0.0,0.0,0.0,0.456,0.0,0.466,0.0,0.0,0.0,0.0,2.5009136199999986
2050-08-28 03:00:00,0.1964666288003354,1.45203619557663,0.0,0.0,0.456,0.0,0.0,3.1257856906696357,2.138,1.749150370270808,0.0,0.0,0.0,0.0,0.42094455344815707,0.0,0.0,0.0,0.466,0.0,0.0,0.0,0.0,2.458187999999998
2050-08-28 04:00:00,0.7780863567015274,0.09941931624046352,0.6690003678895948,0.832,0.0,0.238,0.466,4.44,0.0,3.018283679601172,0.0,0.0,0.0,0.0,0.0,0.0,0.456,0.0,0.466,0.0,0.0,0.0,0.0,1.349618065785872
2050-08-28 05:00:00,0.1231772299845216,0.5361544040053948,1.1470630105803699,0.0,0.0,0.0,0.0,3.8828404124439584,2.138,5.307262757127491,0.0,0.0,0.0,0.0,0.0,0.0,0.0,0.0,0.0,0.0,0.5121118499999984,0.0,0.0,0.0
2050-08-28 06:00:00,0.23786563958145032,0.4828572698336715,1.3277976310774804,0.0,0.456,0.0,0.0,3.701541734952766,0.0,4.806470681474124,0.0,0.0,0.0,0.0,0.0,0.0,0.0,0.238,0.0,0.0,0.0,0.0,0.0,0.3335602920011984
2050-08-28 07:00:00,0.0,0.5867176894588798,1.4471617194895339,0.0,0.0,0.0,0.0,2.4905172897657177,0.0,2.9690271259024956,0.0,2.3447921500000017,0.08507837015299127,0.0,0.0,0.0,0.0,0.238,0.0,0.0,0.0,0.0,0.0,0.0
2050-08-28 08:00:00,0.0,0.0,0.517496899239899,0.832,0.0,0.0,0.0,2.007613380640864,2.138,0.0,0.0,1.4212067500000032,0.23221506554503066,0.0,0.0,0.25977263196780775,0.0,0.0,0.466,0.0,0.0,1.0292326019216214,0.0,0.0
2050-08-28 09:00:00,0.7896799914706712,0.25680736164889045,1.7672827854875006,0.0,0.456,0.238,0.466,0.0,2.138,0.0,0.0,3.4668264876160366,0.0,0.0,0.0,0.0,0.456,0.0,0.0,0.2684780112869336,0.7049228376160324,0.0,0.0,0.0
2050-08-28 10:00:00,0.4419179179408096,0.8160502065879041,1.7467144880682082,0.832,0.456,0.0,0.466,0.7057558769718919,2.138,0.0,0.16418265638723373,3.9333279936127683,0.0,0.0,0.0,0.0,0.0,0.0,0.0,0.0,0.0,0.0,0.0,0.0
2050-08-28 11:00:00,0.36869904505960605,0.4932325846789998,1.8063442374514893,0.0,0.456,0.238,0.0,0.5820357898688675,0.0,0.0,0.0,4.023898099999997,0.0,0.0,0.0,0.0,0.0,0.238,0.0,0.0,2.138,0.47474115873312384,0.0,0.0
2050-08-28 12:00:00,0.09021367016124685,0.0,1.4398646893637004,0.832,0.0,0.238,0.466,2.294641901705778,0.0,0.0,0.0,6.36,0.0,0.0,0.0,0.12784631320011175,0.456,0.0,0.0,4.44,0.0,3.4487985702053967,0.0,3.3484048999999985
2050-08-28 13:00:00,0.0,0.9331841348131843,1.6713696253894708,0.0,0.0,0.0,0.0,1.5684481690139043,0.08076148068815359,0.0,0.0,6.36,0.9570014446236323,0.0,0.0,0.0,0.456,0.0,0.0,0.0,0.0,0.3272319470385603,0.0,0.0
2050-08-28 14:00:00,0.0,1.1446912034174737,0.5738736748564499,0.0,0.0,0.0,0.0,0.0,0.5541566672698253,0.0,0.0,3.794608332730175,0.5776117495489824,0.0,0.0,0.0,0.0,0.0,0.466,0.0,0.0,2.1168316539808782,0.0,0.0
2050-08-28 15:00:00,0.16870165630276968,0.5181482473129007,0.0,0.832,0.15536470013309908,0.0,0.0,0.0,0.5281997999999994,0.0,0.0,6.36,0.0,0.0,0.0,0.0,0.456,0.238,0.466,1.0491014363688833,0.0,0.9776508450741671,2.207,0.0
2050-08-28 16:00:00,0.2194654494421009,0.5373686205994361,0.9292367550097607,0.0,0.456,0.0,0.466,1.0284878798994652,0.0,0.0,0.0,4.511852700000002,0.0,0.0,0.0,0.0,0.0,0.0,0.0,0.0,0.0,1.1708209713084876,0.0,0.0
2050-08-28 17:00:00,0.31469791009481374,0.0,0.0,0.18703313026749346,0.0,0.0,0.0,0.47554038089309736,0.0,0.0,0.0,3.840607900000002,0.0,0.0,0.17965842371338758,0.0,0.0,0.238,0.466,0.0,0.0,1.678708452857107,0.0,0.0
2050-08-28 18:00:00,1.2164979572936006,1.482300519868061,0.6412003557766452,0.0,0.456,0.238,0.0,1.1140481259818344,0.0,0.0,0.24255617245144623,2.2246096877011654,0.0,0.0,2.003,0.0,0.456,0.0,0.0,0.0,0.0,0.0,0.0,0.0
2050-08-28 19:00:00,1.3389403284541939,0.16432013572615722,0.789031772957407,0.832,0.0,0.0,0.0,3.3384799571676034,0.0,0.0,2.1437186085874784,0.0,2.473,0.0,0.0,0.832,0.456,0.238,0.466,0.0,0.0,0.0,0.0,0.0
2050-08-28 20:00:00,0.6407970950157114,0.5398150721431165,0.0,0.832,0.0,0.0,0.0,4.44,0.0,3.568303874683535,0.0,2.3824861992040285,0.0,0.0,1.3052873690059394,0.0,0.0,0.0,0.466,0.0,1.4045924390514175,0.0,0.0,0.0
2050-08-28 21:00:00,0.4147849524164632,1.2363603290521885,0.0,0.0,0.0,0.0,0.0,4.44,2.138,3.151368686735432,0.0,3.8825603900000054,0.0,0.0,1.570796709872739,0.0,0.0,0.0,0.466,1.1680820479481016,0.0,0.0,0.0,6.36
2050-08-28 22:00:00,0.7139434348241456,1.1138645605973618,0.0,0.0,0.0,0.0,0.0,1.5970483953164671,2.138,0.0,2.207,0.0,0.0,0.0,1.4308625151429468,0.0,0.0,0.0,0.0,0.0,2.138,0.0,0.0,1.0711833734054284
2050-08-28 23:00:00,0.7069252536973785,1.023207926637351,0.0,0.0,0.0,0.04718384880530635,0.0,0.0,0.0,0.8415531251860449,0.391846968302795,0.0,0.0,0.0,1.140708247546339,0.0,0.0,0.0,0.0,0.0,0.0,0.0,0.0,0.0
2050-11-06 00:00:00,0.6435029901980734,2.303,0.0,0.0,0.0,0.0,0.0,4.44,1.2252224871801825,0.0,0.44020151451881206,0.0,0.0,0.42864161326225925,1.2591216881466807,0.0,0.0,0.0,0.0,0.0,2.138,0.0,0.0,1.3842768818516031
2050-11-06 01:00:00,0.742828417094879,0.0,0.0,0.832,0.0,0.0,0.0,1.382765868894074,2.138,0.0,0.9580863684952456,1.8912321915047565,0.0,0.3056701416866576,0.1504365761171459,0.0,0.0,0.238,0.466,0.0,2.138,0.0,0.0,0.0
2050-11-06 02:00:00,0.6880130602030631,1.3481055189073663,0.0,0.0,0.0,0.0,0.0,4.44,0.0,0.0,2.207,1.2557730600000028,0.0,0.0,0.19410941470141796,0.832,0.456,0.0,0.0,1.725098742864831,0.0,0.0,0.0,6.36
2050-11-06 03:00:00,0.5491347313659104,1.3491051007352182,0.0,0.0,0.06864832115534336,0.238,0.466,4.44,1.136512035847522,4.581440759601172,0.0,0.0,0.0,0.0,0.0,0.832,0.0,0.0,0.0,0.0,0.0,0.0,0.0,4.05531841584752
2050-11-06 04:00:00,0.8363836997553732,2.303,0.0,0.0,0.0,0.0,0.0,4.44,0.0,3.997990669601173,0.0,0.0,0.0,0.44563115548613363,0.7414997895544941,0.0,0.456,0.238,0.466,0.0,2.138,0.0,0.0,0.5214713899999985
2050-11-06 05:00:00,0.22036741452876632,0.5942460860785697,0.0,0.0,0.0,0.0,0.0,3.0761701308403513,0.842114709847392,4.719191920441523,0.0,0.0,0.0,0.0,0.1676037572931605,0.0,0.0,0.0,0.466,0.0,0.0,0.0,2.207,0.0
2050-11-06 06:00:00,0.5420321500855082,1.5225606538300314,0.0,0.0,0.12310936839809139,0.0,0.466,2.9486532191612493,1.857277950000002,3.9945879787624214,0.0,0.0,0.0,0.0,0.0,0.832,0.0,0.0,0.0,0.0,0.0,0.0,2.207,0.0
2050-11-06 07:00:00,0.17558538147753622,2.303,0.0,0.0,0.08703396234302305,0.0,0.466,2.993912318165139,1.7308530373312618,0.0,0.0,2.6560314126687365,0.0,0.27427421409707775,0.0,0.0,0.456,0.238,0.466,0.0,2.138,0.0,2.207,0.0
2050-11-06 08:00:00,0.6874763823469944,0.7040805705108995,0.8887278616526654,0.0,0.0,0.0,0.0,0.31179328041894383,0.4026465500000018,0.0,0.0,0.0,0.0,0.0,0.0,0.0,0.0,0.0,0.0,0.0,0.0,1.1532684749694582,0.0,0.0
2050-11-06 09:00:00,0.6810858313671327,0.705384055552559,0.0,0.0,0.0,0.0,0.466,1.0274055005569638,2.138,0.0,0.0,6.36,0.0,0.0,0.0,0.0,0.09444370709071159,0.238,0.0,0.0,0.0,2.975441640042833,1.971274799999997,0.0
2050-11-06 10:00:00,0.5533766722005332,0.7706311756969096,0.0,0.0,0.0,0.0,0.0,1.99301156774811,0.0,0.0,0.0,3.8476906500000023,0.0,0.0,1.0714705875497412,0.0,0.0,0.0,0.0,0.0,2.138,0.0,0.0,0.0
2050-11-06 11:00:00,0.9916847523612066,0.8119862010398597,0.0,0.0,0.12757831103823303,0.0,0.466,2.48588758697258,0.45897471772355214,0.0,0.0,2.297341772123839,0.0,0.0,2.003,0.0,0.456,0.238,0.466,0.0,0.0,0.0,0.0,0.0
2050-11-06 12:00:00,0.11079590341877213,0.8461792865287895,0.0,0.0,0.0,0.0,0.0,3.241640948929935,0.0,0.0,0.753480827968878,3.5990859111969837,0.0,0.0,1.3111620739603707,0.0,0.0,0.0,0.466,0.0,0.0,0.0,0.0,0.0
2050-11-06 13:00:00,0.0,0.8791624865712852,0.0,0.0,0.0,0.0,0.0,2.792867990079021,0.0,0.0,0.0,3.3757725500000024,0.5447805894799971,0.0,0.734492465063084,0.0,0.456,0.238,0.466,0.0,0.0,0.1222858129924318,0.0,0.0
2050-11-06 14:00:00,0.0,0.9020927711636083,0.0,0.0,0.0,0.0,0.0,2.552181867797745,0.0,2.3849699421314368,0.0,5.417398158587481,0.25433209222516784,0.0,1.0693722930893408,0.0,0.456,0.0,0.466,0.0,0.0,0.0,2.207,0.0
2050-11-06 15:00:00,0.0,0.4279838105601488,0.7424188296344587,0.0,0.456,0.238,0.3037380710742803,2.7818585161882394,2.138,0.0,0.0,1.04020611015261,0.2663980809437574,0.0,0.0,0.832,0.0,0.238,0.0,0.0,0.0,0.0,0.0,0.0
2050-11-06 16:00:00,0.0,0.09629225493275873,0.9242785299475628,0.832,0.0,0.0,0.466,2.691628055195394,2.138,0.0,0.38944085250636595,0.8744090974936367,0.1393434727088687,0.0,0.0,0.0,0.456,0.0,0.466,0.0,0.0,0.0,0.0,0.0
2050-11-06 17:00:00,0.024731768782784602,1.100196128958231,0.7899431421862315,0.832,0.0,0.0,0.0,4.44,2.138,0.0,0.6343471713257924,0.4251750786742099,0.0,2.303,0.0,0.0,0.0,0.0,0.466,1.1763468478236263,0.0,0.0,0.0,0.0
2050-11-06 18:00:00,0.44533378464355844,0.0,0.0,0.832,0.0,0.0,0.0,2.9667437408882114,0.26793788141082864,0.0,0.0,2.806777028741781,0.0,0.23309030655835983,0.6088541695825098,0.832,0.0,0.238,0.466,0.0,0.0,0.0,0.0,0.0
2050-11-06 19:00:00,0.7489793102711955,0.9309861444349213,0.0,0.0,0.0,0.12467109362365958,0.0,1.0997161051566104,2.138,0.0,2.207,6.36,0.0,0.0,2.003,0.0,0.0,0.0,0.466,0.0,2.138,3.5384417516185582,0.0,0.0
2050-11-06 20:00:00,0.5621243426658468,0.8869367866531076,0.0,0.0,0.0,0.0,0.0,0.19036801203149167,2.138,0.0,0.0,0.20581795000000191,0.0,0.0,1.8084491839246102,0.0,0.0,0.0,0.466,0.0,0.0,5.726427183449696,0.0,0.0
2050-11-06 21:00:00,0.47805260008957784,0.8300743908405862,0.0,0.0,0.0,0.0,0.0,1.8686415403988272,0.27043310655252917,0.0,0.0,6.36,0.0,0.0,1.6478933182693307,0.0,0.0,0.0,0.466,0.0,2.138,0.0,0.0,3.1345068565525303
2050-11-06 22:00:00,0.5948444428127425,0.7427285721105646,0.0,0.0,0.0,0.0,0.0,0.0,0.055786210000000835,0.0,0.0,0.0,0.0,0.0,1.6089362227839978,0.0,0.0,0.238,0.0,0.0,0.0,5.206745695481189,0.0,0.0
2050-11-06 23:00:00,0.4819694308064316,0.6552173533652499,0.0,0.0,0.0,0.0,0.0,4.44,0.0,3.380894899601173,0.0,4.380462340000001,0.0,0.0,1.346674514317662,0.0,0.0,0.238,0.0,0.0,0.0,0.0,0.0,0.0
2050-11-07 00:00:00,0.3831677576541569,0.21117992819789283,0.0,0.0,0.0,0.0,0.0,2.162995135481188,1.9295399081814701,0.0,0.0,0.0,0.0,0.0,1.904290191936477,0.0,0.456,0.238,0.466,0.0,0.0,0.0,0.0,3.2430988783340777
2050-11-07 01:00:00,0.13650747455036152,0.5570871462195601,0.0,0.0,0.0,0.0,0.0,1.7149069903098502,0.0,1.4127790199110208,0.0,6.36,0.0,0.0,0.8652295411365651,0.0,0.456,0.0,0.0,0.0,0.0,0.0,0.0,3.2320495199999986
2050-11-07 02:00:00,0.0889070587503327,0.5243898309822196,0.0,0.0,0.0,0.0,0.0,4.44,0.0,2.054398739601173,2.207,2.6590832564679525,0.0,0.0,0.7455037590178462,0.0,0.0,0.0,0.466,0.0,0.0,0.0,0.0,6.36
2050-11-07 03:00:00,0.0,0.5017325646565044,0.0,0.0,0.0,0.0,0.0,4.44,0.0,0.0,0.6474291245188124,0.0,0.3827366540563132,0.0,0.16980993852775705,0.0,0.456,0.0,0.466,0.0,2.138,0.0,0.0,1.2922040145188114
2050-11-07 04:00:00,0.10309653731617494,0.0,0.03547827104824933,0.49328677116004327,0.0,0.0,0.0,3.107306232837727,2.138,0.0,0.0,0.0,0.0,0.0,0.0,0.0,0.456,0.0,0.466,0.0,0.0,0.7747386426434613,0.0,0.0
2050-11-07 05:00:00,0.5760127932603755,0.5209643804156375,0.0,0.0,0.0,0.0,0.0,1.9778512664553327,2.138,1.3900271760565053,2.207,0.0,0.0,0.0,0.7584784377380049,0.0,0.0,0.0,0.0,0.0,0.0,0.0,2.207,3.8711688299999985
2050-11-07 06:00:00,0.6585040481955913,0.5925397674474425,0.0,0.0,0.0,0.0,0.0,1.2120248503988273,2.138,0.0,0.0,0.5487559417240417,0.0,0.0,0.7088355642631089,0.0,0.0,0.0,0.0,0.0,2.138,0.0,0.0,0.0
2050-11-07 07:00:00,0.6285428724487502,0.5777422820929796,0.0,0.0,0.0,0.0,0.466,1.3212947010667015,0.037117650000002556,0.0,0.0,0.0,0.0,0.0,0.4027713923718327,0.0,0.0,0.0,0.466,0.0,0.0,0.0,0.0,0.0
2050-11-07 08:00:00,0.5432143948794849,0.562199778274272,0.0,0.0,0.0,0.0,0.466,1.6426117648045029,0.0,0.2661254009181473,0.0,6.36,0.0,0.0,0.08463134152288188,0.0,0.0,0.0,0.466,0.0,0.6196637999999988,0.0,0.0,0.0
2050-11-07 09:00:00,0.4330311887443278,0.5916449774402828,0.0,0.0,0.0,0.0,0.466,1.3306738376529523,2.138,0.0,2.207,1.6264599000000004,0.0,0.0,0.256085361962894,0.0,0.0,0.0,0.466,0.0,0.0,2.340236605357833,0.0,0.0
2050-11-07 10:00:00,0.4628839469946714,0.6847824206224803,0.0,0.0,0.0,0.0,0.466,1.4563370862127796,0.0,0.0,0.0,6.36,0.0,0.0,1.2090251136315837,0.0,0.0,0.0,0.466,0.0,0.0,0.0,0.11565889999999879,0.0
2050-11-07 11:00:00,0.0,0.7088586238523216,0.0,0.0,0.0,0.0,0.0,1.6556498766846284,0.0,0.0,2.207,4.184717669549164,0.0183584677507089,0.0,0.9605854241828263,0.0,0.456,0.0,0.0,0.0,2.138,0.0,2.207,0.0
2050-11-07 12:00:00,0.407880103494037,0.7092892040322838,0.0,0.0,0.0,0.0,0.466,2.261610944090345,0.0,0.0,0.0,6.36,0.0,0.0,1.3455995604447524,0.0,0.0,0.0,0.466,0.0,0.0,0.9098138136611791,2.207,3.0484224499999986
2050-11-07 13:00:00,0.4181534352190529,0.714719370307091,0.0,0.0,0.0,0.0,0.466,1.6503925478387194,0.0,0.0,0.0,3.5639823500000016,0.0,0.0,1.2769838559211761,0.0,0.0,0.0,0.466,0.0,2.138,0.2221240666147022,0.0,0.0
2050-11-07 14:00:00,0.44873739984731975,0.7145089694525579,0.0,0.0,0.0,0.0,0.466,1.9707480233650898,0.8478793000000007,0.0,2.207,6.36,0.0,0.0,1.2484163493657956,0.0,0.0,0.0,0.466,0.0,0.0,0.0,2.207,0.0
2050-11-07 15:00:00,0.4905627105297107,0.7061821230629702,0.0,0.0,0.0,0.0,0.466,1.406339291284131,0.0,0.0,2.207,0.0,0.0,0.0,1.2755605704252786,0.0,0.0,0.0,0.466,0.0,0.49470335,2.7985935935119635,0.0,0.0
2050-11-07 16:00:00,0.15033031197866834,0.715547932436093,0.0,0.0,0.0,0.0,0.466,2.263664555022367,0.8238951000000023,0.0,2.207,6.36,0.0,0.0,0.9612562870149991,0.0,0.456,0.0,0.466,0.0,2.138,1.9436978281943968,0.0,0.0
2050-11-07 17:00:00,0.3425724464480179,0.7366495859519219,0.0,0.0,0.0,0.0,0.466,1.9943021661211802,1.2760039304418864,0.0,0.0,2.526055819558117,0.0,0.0,1.2071247138661287,0.0,0.456,0.0,0.466,0.0,2.138,0.0,0.0,0.0
2050-11-07 18:00:00,0.41798029509263956,0.7112693505410735,0.0,0.0,0.0,0.0,0.466,0.0,2.138,0.0,0.0,6.36,0.0,0.0,1.1629419243802284,0.0,0.456,0.0,0.466,0.6547031139640827,0.0,4.257140329445271,2.207,0.0
2050-11-07 19:00:00,0.18920210752236366,0.6073413884532803,0.0,0.0,0.0,0.0,0.0,0.0,0.0,0.0,0.0,6.36,0.0,0.0,0.6680870085836819,0.0,0.456,0.0,0.08866717362354493,3.3559925613810346,2.138,9.020369966862223,0.0,0.0
2050-11-07 20:00:00,0.14608942677443884,0.5608311041978306,0.0,0.0,0.0,0.0,0.466,0.0,0.3744424000000022,0.0,0.0,6.36,0.0,0.0,0.5344663545510944,0.0,0.456,0.0,0.466,2.5605301555519926,0.0,7.996680701033181,0.0,0.0
2050-11-07 21:00:00,0.08253905526151398,0.5709826484060143,0.0,0.0,0.0,0.0,0.466,1.900201988628437,0.0,0.0,2.207,5.8682207,0.0,0.0,0.5286922603937777,0.0,0.456,0.0,0.466,0.0,2.138,1.7729545317703916,0.0,0.0
2050-11-07 22:00:00,0.48509548866670615,0.5774744569565582,0.0,0.0,0.0,0.0,0.466,1.014424360398828,2.1208724579979643,0.0,0.0,6.36,0.0,0.0,0.9625325443942334,0.0,0.0,0.0,0.466,0.0,2.138,0.0,0.0,1.495862287997964
2050-11-07 23:00:00,0.4211212808445667,0.5604962441152322,0.0,0.0,0.0,0.0,0.0,2.043706665481188,0.0,0.0,0.0,3.405576424539758,0.0,0.0,0.8783705416365626,0.0,0.0,0.0,0.0,0.0,0.0,0.0,2.207,0.0
2050-11-08 00:00:00,0.35759819862471953,0.5275997171099929,0.0,0.0,0.0,0.0,0.0,2.080554198558766,0.0,0.0,2.207,0.0,0.0,0.0,0.7580425219859446,0.0,0.0,0.0,0.0,0.0,2.138,2.295191380281791,0.0,0.0
2050-11-08 01:00:00,0.3121162139574748,0.4941559611136588,0.0,0.0,0.0,0.0,0.466,0.1750275803988277,1.0867059773983527,0.0,2.207,1.734502562601648,0.0,0.0,0.6027583193217443,0.0,0.0,0.0,0.466,0.0,0.0,0.0,2.207,0.0
2050-11-08 02:00:00,0.2755573280435072,0.4429154140689412,0.0,0.0,0.0,0.0,0.466,1.5247066154811884,1.6016729820237623,0.0,0.0,1.1783773411018963,0.0,0.0,0.42646037096758577,0.0,0.0,0.0,0.466,0.0,2.138,0.0,2.207,0.0
2050-11-08 03:00:00,0.26845607396585447,0.39544850381480223,0.0,0.0,0.0,0.0,0.466,1.5218637854811878,0.0,0.0,0.0,4.8210835700000025,0.0,0.0,0.32742050475344264,0.0,0.0,0.0,0.466,0.0,0.0,0.0,2.207,0.0
2050-11-08 04:00:00,0.28305051047365437,0.38927738314610427,0.0,0.0,0.0,0.0,0.0,0.8593021218476227,0.0,0.24171241221291417,0.0,0.0,0.0,0.0,0.2869722835939972,0.0,0.0,0.0,0.0,0.0,0.0,0.0,0.0,0.0
2050-11-08 05:00:00,0.38539597796300085,0.48899747096123736,0.6762140350771226,0.0,0.0,0.0,0.466,1.997051915481188,1.4736907669509236,0.0,0.0,6.36,0.0,0.0,0.0,0.0,0.0,0.0,0.466,0.0,0.0,0.0,2.207,1.8658013069509227
2050-11-08 06:00:00,0.10865282198218809,0.635648677643739,0.0,0.0,0.0,0.0,0.0,0.0,2.138,0.0,0.0,4.118535065096557,0.0,0.0,0.34950696741196197,0.0,0.0,0.0,0.466,0.0,0.21274591509655494,1.1749491403988275,0.0,6.36
2050-11-08 07:00:00,0.20939679422930815,0.6710992530062986,0.0,0.0,0.0,0.0,0.0,3.6298716809963025,0.0,2.335213370597475,0.0,0.0,0.0,0.0,0.42128640449451715,0.0,0.456,0.0,0.0,0.0,0.0,0.0,0.0,0.027292349999999743
2050-11-08 08:00:00,0.4725687343771978,0.6764038279397642,0.0,0.0,0.0,0.0,0.0,4.44,0.0,0.0,0.0,5.628011400000002,0.0,0.0,0.6032385615538418,0.0,0.0,0.238,0.0,0.24223754175777845,0.0,1.0162143779321093,0.0,0.0
2050-11-08 09:00:00,0.43166659723396916,0.0,0.0,0.832,0.17335886756185037,0.0,0.466,0.0,0.0,0.0,0.0,6.36,0.0,0.0,0.0,0.12724045752996105,0.0,0.0,0.466,0.6529915481957094,0.0,5.746566589015504,0.0,0.4426951999999984
2050-11-08 10:00:00,0.0,0.7157024695988782,0.0,0.0,0.0,0.0,0.0,0.0,0.0,0.0,2.003313300000002,6.36,0.4922321642280819,0.0,0.03476262756205695,0.0,0.456,0.238,0.466,1.4023571967764858,2.138,9.020369966862223,0.0,0.0
2050-11-08 11:00:00,0.320098741581189,0.0,0.339329287643766,0.6419671622691495,0.0,0.0,0.0,0.0,0.23214317624276798,0.0,2.207,6.36,0.0,0.0,0.0,0.0,0.0,0.238,0.466,1.2404937940926861,2.138,9.020369966862223,0.0,0.0
2050-11-08 12:00:00,0.0,0.5722655553360718,0.6542378365793919,0.0,0.0,0.238,0.0,0.0,0.46648423754386736,0.0,2.207,6.36,0.11071389454237565,0.0,0.0,0.0,0.0,0.0,0.466,1.1814202882929012,2.138,9.020369966862223,0.0,0.0
2050-11-08 13:00:00,0.0,0.5175323881684285,1.4589953076738724,0.0,0.0,0.0,0.0,0.0,0.8000455000000004,0.0,2.207,6.36,0.4340166006750279,0.0,0.0,0.0,0.0,0.0,0.466,1.1821093225803723,2.138,9.020369966862223,0.0,0.0
2050-11-08 14:00:00,0.0,0.43220995104895066,2.003,0.0,0.04758464019068698,0.0,0.0,0.0,0.0,0.0,1.185638700000002,6.36,0.5127764728915947,0.0,0.0,0.0,0.0,0.0,0.466,2.3523410513798684,0.0,9.020369966862223,0.0,0.0
2050-11-08 15:00:00,0.4239625029341785,0.0,1.9687573051062757,0.326458218467163,0.456,0.238,0.0,0.0,0.0,0.0,1.3769943000000033,6.36,0.0,0.0,0.0,0.0,0.0,0.0,0.466,2.0468320031267138,0.0,9.020369966862223,0.0,0.0
2050-11-08 16:00:00,0.6401662342816583,0.627643203012564,2.003,0.0,0.456,0.238,0.0,0.0,0.0,0.0,1.3509434999999996,6.36,0.0,0.0,0.0,0.0,0.0,0.0,0.0,2.0773578611097325,0.0,9.020369966862223,0.0,0.0
2050-11-08 17:00:00,1.1929096881697623,0.6541774911798397,2.003,0.0,0.456,0.238,0.3355113992768245,0.0,0.0,0.0,1.5006234742690503,6.36,0.0,0.0,0.0,0.0,0.0,0.0,0.0,1.977944681610218,0.0,9.020369966862223,0.0,0.0
2050-11-08 18:00:00,0.6807260662099294,0.5430010248470846,2.003,0.0,0.456,0.238,0.0,0.0,0.0,0.0,1.1104480601526099,6.36,0.0,0.0,0.0,0.0,0.0,0.0,0.4274390507076885,2.4342317467969603,0.0,9.020369966862223,0.0,0.0
2050-11-08 19:00:00,0.4281710584851147,0.0,2.003,0.1588858622021282,0.23672553470257185,0.0,0.0,0.0,1.1030577000000044,0.0,0.0,6.36,0.0,0.0,0.0,0.0,0.0,0.0,0.466,3.2823133513810347,0.0,9.020369966862223,0.0,0.0
2050-11-08 20:00:00,0.6804184556440879,0.0,1.3142641854100763,0.6354903557612996,0.456,0.0,0.0,0.0,0.6165795000000021,0.0,0.0,6.36,0.0,0.0,0.0,0.0,0.456,0.0,0.466,3.483899651381036,0.0,9.020369966862223,0.0,0.0
2050-11-08 21:00:00,0.1634105569167193,0.5813302692867732,1.318954680545683,0.0,0.0,0.0,0.0,0.0,0.0,0.0,2.0391349416246154,6.277698958375385,0.0,0.0,0.0,0.0,0.0,0.0,0.466,1.77530316975642,2.138,9.020369966862223,0.0,0.0
2050-11-08 22:00:00,0.2196836342730497,0.441131195557677,1.6722783537150994,0.0,0.0,0.0,0.0,0.0,0.0,0.0,0.0,5.049820640000002,0.0,0.0,0.0,0.0,0.0,0.238,0.0,2.204167353509897,0.0,7.493326408959179,0.0,0.0
2050-11-08 23:00:00,0.20558875352118677,0.46218020836836626,2.003,0.0,0.008264642002367761,0.0,0.0,0.0,0.0,0.0,0.0,6.1300141900000025,0.0,0.0,0.0,0.0,0.0,0.0,0.0,1.3372123989799585,2.138,5.637017374461147,0.0,0.0
2050-12-13 00:00:00,0.24767515888993746,0.669642994996368,0.8627155952137937,0.0,0.0,0.0,0.466,0.0,0.0,0.0,0.0,4.229175695243416,0.0,0.0,0.0,0.0,0.456,0.0,0.466,1.5998530490608855,0.0,3.1286071141221043,0.0,0.0
2050-12-13 01:00:00,0.6821882171184679,0.6426104766623094,0.7648285707094792,0.0,0.0,0.0,0.466,0.0,0.0,0.0,0.0,3.1007470912434174,0.0,0.0,0.0,0.0,0.0,0.0,0.466,1.7800221972520702,0.0,2.9308198123451943,0.0,0.0
2050-12-13 02:00:00,0.7173225558213876,0.5913605706926545,0.9389351309643571,0.0,0.0,0.0,0.466,0.9761801260567857,0.0,0.0,0.10613092093175558,4.185049996311661,0.0,0.0,0.0,0.0,0.0,0.0,0.466,0.0,2.138,0.0,0.0,0.0
2050-12-13 03:00:00,0.8779241264896167,0.6004474463950548,0.6329648031254103,0.0,0.0,0.0,0.0,0.0,0.0,0.0,0.0,1.9136559373323987,0.0,0.0,0.0,0.0,0.0,0.0,0.0,0.1502115365691139,0.0,0.8217093817260503,0.0,0.0
2050-12-13 04:00:00,1.0447222451196139,2.303,0.0,0.0,0.0,0.0,0.466,0.0,0.0,0.9405169257892989,0.0,3.9261229149217325,0.0,0.650606233695741,0.5014911699146509,0.0,0.0,0.0,0.466,0.6410127490218587,0.0,0.0,2.207,0.0
2050-12-13 05:00:00,0.9506591925622295,0.752477719115906,1.1526192259911845,0.0,0.0,0.238,0.0,1.4841105500728098,0.0,0.8234005548520607,0.0,1.492881259332398,0.0,0.0,0.0,0.0,0.0,0.0,0.466,0.0,0.0,0.0,0.0,0.0
2050-12-13 06:00:00,0.784461187376411,0.854835686460056,0.6946987069879756,0.0,0.0,0.0,0.0,0.4170035256499829,0.0,0.0,0.0,1.660609295485008,0.0,0.0,0.0,0.0,0.0,0.0,0.0,0.0,0.0,0.8842686300711531,0.0,0.0
2050-12-13 07:00:00,0.9519175073859789,0.0,1.9993218139001994,0.0,0.0,0.0,0.0,3.6667715441530944,0.0,0.920310747536135,1.2693960713323982,0.0,0.0,0.49792587795224563,0.0,0.0,0.0,0.238,0.0,0.0,0.0,0.0,0.0,0.0
2050-12-13 08:00:00,0.9900902294365259,0.8112128077180053,0.7338366515326824,0.0,0.0,0.0,0.466,4.44,0.0,3.9877645702108784,0.0,3.3036233005283457,0.0,0.0,0.0,0.0,0.0,0.0,0.466,0.0,0.0,0.0,0.0,0.0
2050-12-13 09:00:00,0.8123396977337112,0.7838771321273326,0.6574777987168312,0.0,0.0,0.0,0.466,1.5901923753944107,0.0,0.0,0.0,1.4565515365283463,0.0,0.0,0.0,0.0,0.0,0.0,0.466,4.44,0.0,2.8423027323458827,0.0,0.0
2050-12-13 10:00:00,0.36545474436824726,0.5736781493220735,0.8919869844469015,0.0,0.0,0.0,0.0,0.0,0.0,0.0,2.207,6.36,0.0,0.0,0.0,0.0,0.0,0.0,0.466,3.294750090410258,0.7562856500000015,9.020369966862223,0.0,0.0
2050-12-13 11:00:00,0.9467948425287291,0.6197500988286735,2.003,0.0,0.456,0.238,0.466,0.0,0.0,0.0,1.6592706486171171,6.36,0.0,0.0,0.0,0.0,0.0,0.0,0.0,4.44,0.8720422986171168,9.020369966862223,0.0,0.0
2050-12-13 12:00:00,0.7694304971762265,1.0821979029865343,2.003,0.0,0.456,0.238,0.466,0.0,0.0,0.0,1.9558365171206664,6.36,0.0,0.0,0.0,0.0,0.0,0.0,0.0,4.44,1.7187783671206662,9.020369966862223,0.0,0.0
2050-12-13 13:00:00,1.4225204681151822,0.972176701063875,2.003,0.0,0.456,0.238,0.466,0.0,0.0,0.0,1.954143109400512,6.36,0.0,0.0,0.0,0.0,0.0,0.0,0.0,4.44,1.6863818195529394,9.020369966862223,0.0,0.0
2050-12-13 14:00:00,1.2974559470005678,0.9163428108793199,2.003,0.0,0.456,0.238,0.466,0.0,0.0,0.0,2.1149352898473905,6.36,0.0,0.0,0.0,0.0,0.0,0.0,0.0,3.4852249680648333,2.138,9.020369966862223,0.0,0.0
2050-12-13 15:00:00,1.2301650635261412,0.9035004860349499,2.003,0.0,0.456,0.238,0.466,0.0,0.0,0.0,1.9773899898473895,6.36,0.0,0.0,0.0,0.0,0.0,0.0,0.0,3.2496961729517357,2.138,9.020369966862223,0.0,0.0
2050-12-13 16:00:00,1.4747405917056744,0.0,2.003,0.09692129414818706,0.456,0.238,0.466,0.0,0.0,0.0,1.2167936797116834,6.36,0.0,0.0,0.0,0.0,0.0,0.0,0.0,4.44,1.2212650898642936,9.020369966862223,0.0,0.0
2050-12-13 17:00:00,0.7389465446009809,0.06396360871120332,2.003,0.0,0.456,0.238,0.466,0.0,0.0,0.0,1.2277106461526073,6.36,0.0,0.0,0.0,0.0,0.0,0.0,0.0,4.014812484549265,2.138,7.733446993083191,0.0,0.0
2050-12-13 18:00:00,1.100248912813512,0.0,2.003,0.0,0.4295756880038404,0.238,0.100040788936969,0.0,0.0,0.0,2.207,5.765184566061043,0.0,0.8471042219269262,0.0,0.0,0.0,0.0,0.0,4.0246393318807705,2.138,9.020369966862223,0.0,0.0
2050-12-13 19:00:00,1.0787807747119538,0.2569142551345851,2.003,0.0,0.456,0.0,0.466,0.0,0.0,0.0,1.5730397022242206,6.36,0.0,0.0,0.0,0.0,0.0,0.0,0.466,2.709699615939302,2.138,7.092996193176881,0.0,0.0
2050-12-13 20:00:00,0.8176226032176657,0.5608060351681163,1.6447709790288956,0.0,0.456,0.238,0.466,0.0,0.0,0.0,0.0,4.842090638224223,0.0,0.0,0.0,0.0,0.0,0.238,0.0,3.6633985113712804,0.0,6.189992526416544,0.0,0.0
2050-12-13 21:00:00,0.6165816564926039,0.0,2.003,0.18448590034227608,0.456,0.0,0.466,0.0,0.0,0.0,0.0,6.36,0.0,0.0,0.0,0.832,0.0,0.0,0.0,1.1201988745619325,0.0,3.184242579639104,0.0,0.0
2050-12-13 22:00:00,0.0,0.5173502980016399,1.7572349368853146,0.0,0.0,0.0,0.466,0.0,0.8172839999999999,0.0,0.0,6.36,1.0519708327989266,0.0,0.0,0.0,0.456,0.0,0.0,4.44,0.0,5.761748435109078,0.0,0.0
2050-12-13 23:00:00,0.7747865806860901,0.0,1.809069738956905,0.832,0.456,0.238,0.466,0.0,0.0,0.0,1.139656496,6.36,0.0,0.5054862452327568,0.0,0.0,0.0,0.0,0.0,2.0805811096010434,2.138,5.7438545905186835,0.0,0.0
2050-12-14 00:00:00,0.9125135949381117,0.0,2.003,0.0,0.456,0.0,0.466,0.0,0.0,0.0,0.0,5.898114570000001,0.0,1.175625231761649,0.0,0.0,0.0,0.0,0.0,3.403669014021799,0.0,5.916334378939439,0.0,0.0
2050-12-14 01:00:00,0.4423879614157804,0.0,2.003,0.832,0.456,0.238,0.0,0.0,0.0,0.0,0.0,6.36,0.0,0.8761313103300543,0.0,0.0,0.0,0.0,0.0,2.885439582862444,0.0,4.116389737811989,0.6367100700000003,0.0
2050-12-14 02:00:00,0.42657650821740545,0.0,2.003,0.0,0.456,0.238,0.466,0.0,0.0,0.0,1.5027398299999986,6.36,0.0,0.6023282949407186,0.0,0.0,0.0,0.0,0.0,1.1824600137063337,2.138,4.240589778687784,0.0,0.0
2050-12-14 03:00:00,0.19624714447429126,0.4453013097400853,2.003,0.0,0.456,0.238,0.466,0.0,0.0,0.0,0.0,5.889683029999999,0.0,0.0,0.0,0.0,0.0,0.0,0.0,2.060251019725435,0.0,4.330382054643076,0.0,0.0
2050-12-14 04:00:00,0.0,1.7327379585669123,2.003,0.0,0.456,0.238,0.466,0.0,0.0,0.0,0.0,5.328951415999999,0.0,0.0,0.0,0.0,0.0,0.0,0.0,1.5240187485191505,0.0,4.03432011343679,0.0,0.0
2050-12-14 05:00:00,1.1695899762071398,1.1142106933487281,2.003,0.0,0.456,0.238,0.466,0.0,2.138,0.0,0.0,5.333101792000001,0.0,0.0,0.0,0.0,0.0,0.0,0.0,0.7963652498198233,2.138,3.537354564769369,0.0,0.0
2050-12-14 06:00:00,0.49963089503062896,1.3012321505210436,2.003,0.0,0.456,0.238,0.466,0.0,2.138,0.0,0.0,5.890442558000001,0.0,0.0,0.0,0.0,0.0,0.0,0.0,1.3246026286952288,2.138,4.593529343676683,0.0,0.0
2050-12-14 07:00:00,0.9692992320945395,1.552605535547956,2.003,0.0,0.456,0.238,0.466,0.0,0.0,0.0,0.0,5.122428494,0.0,0.0,0.0,0.0,0.0,0.0,0.0,0.2548187980647807,0.0,2.9370610063418003,0.0,0.0
2050-12-14 08:00:00,0.8119018139828409,0.6484023502031078,2.003,0.0,0.456,0.238,0.466,0.0,0.0,2.8551204632429794,0.0,6.36,0.0,0.0,0.0,0.0,0.0,0.0,0.0,2.954030305083368,0.0,9.020369966862223,0.0,0.0
2050-12-14 09:00:00,0.40364666498175916,0.6139918410881061,2.003,0.0,0.456,0.238,0.466,0.0,0.0,0.0,0.9749185101526079,6.36,0.0,0.0,0.0,0.0,0.0,0.0,0.0,1.5146719529404584,0.0,5.763085333091832,0.0,0.0
2050-12-14 10:00:00,0.33847637096577143,0.6613556469352557,2.003,0.0,0.456,0.238,0.466,0.0,0.0,0.0,2.013448878582244,6.36,0.0,0.0,0.0,0.832,0.0,0.0,0.0,4.44,1.5817995684296355,9.020369966862223,0.0,0.0
2050-12-14 11:00:00,0.01571820228131493,2.303,2.003,0.0,0.456,0.238,0.466,0.0,0.0,0.0,1.5787540795403003,6.36,0.0,0.0,0.0,0.0,0.0,0.0,0.0,4.44,1.2632166295403005,8.709448786147469,0.0,0.0
2050-12-14 12:00:00,0.0,1.0162945797131955,2.003,0.0,0.456,0.238,0.466,0.0,0.22667528984738805,0.0,2.207,6.36,0.5945114172513168,0.0,0.0,0.0,0.0,0.0,0.0,3.3308805141481717,2.138,8.373526328557443,0.0,0.0
2050-12-14 13:00:00,0.757709888141429,0.06065140510406675,2.003,0.0,0.456,0.238,0.466,0.0,0.0,0.0,0.022617089847389416,6.36,0.0,0.0,0.0,0.0,0.0,0.0,0.0,4.44,0.0,6.890364785871748,0.0,0.0
2050-12-14 14:00:00,0.0,2.0445628534568945,2.003,0.0,0.456,0.238,0.466,0.04850576465009304,0.0,0.0,0.0,6.36,0.0,0.0,0.0,0.0,0.0,0.0,0.0,4.44,0.18433941015260924,6.9681531429643435,0.0,0.0
2050-12-14 15:00:00,0.7759408392090483,0.9446145085201247,2.003,0.0,0.456,0.238,0.466,0.23120625312837717,0.0,0.0,0.0,6.36,0.0,0.0,0.0,0.0,0.0,0.0,0.0,4.44,0.2825382101526097,6.747696518877396,0.0,0.0
2050-12-14 16:00:00,0.9309239226815147,0.9915588046346417,2.003,0.0,0.456,0.238,0.466,0.0,0.0,0.0,1.7290244552746277,6.36,0.0,0.0,0.0,0.0,0.0,0.0,0.0,2.6138950307042093,2.138,6.97057673563476,0.0,0.0
2050-12-14 17:00:00,0.5008435152233459,0.5169557504420794,2.003,0.0,0.456,0.238,0.466,0.0,0.0,0.0,1.9065361624683317,6.36,0.0,0.0,0.0,0.0,0.0,0.0,0.0,4.44,1.6070215124683318,9.020369966862223,0.0,0.0
2050-12-14 18:00:00,0.7754450625067352,0.26757113328593785,2.003,0.0,0.456,0.238,0.466,0.0,0.0,0.0,1.9041718386809277,6.36,0.0,0.0,0.0,0.832,0.0,0.0,0.0,4.44,1.2847506285283194,9.020369966862223,0.0,0.0
2050-12-14 19:00:00,0.9837765068276353,0.19357885394158258,2.003,0.0,0.456,0.238,0.466,0.0,0.0,0.0,1.8990824786809228,6.36,0.0,0.0,0.0,0.832,0.0,0.0,0.0,4.44,1.148292354103312,9.020369966862223,0.0,0.0
2050-12-14 20:00:00,0.5983723078949637,0.6722606511478542,2.003,0.0,0.456,0.238,0.466,0.0,0.0,0.0,1.9630073486809239,6.36,0.0,0.0,0.0,0.0,0.0,0.0,0.0,4.44,2.138,9.020369966862223,0.0,0.0
2050-12-14 21:00:00,0.0,0.14146560783278228,2.003,0.0,0.456,0.238,0.466,0.0,0.0,0.0,2.207,6.36,0.028880704005979085,0.0,0.0,0.832,0.0,0.0,0.0,4.30222072705074,2.1211337898473905,9.020369966862223,0.0,0.0
2050-12-14 22:00:00,0.34977428428891266,0.5488991109215479,2.003,0.0,0.456,0.238,0.466,0.0,0.0,0.0,0.7106016695099973,6.36,0.0,0.0,0.0,0.0,0.0,0.0,0.0,4.44,1.104004589509998,7.462056074427639,0.0,0.0
2050-12-14 23:00:00,1.1232663168773662,0.0,2.003,0.832,0.456,0.238,0.466,0.0,0.0,0.0,0.8640989899999987,6.36,0.0,1.4802679940200356,0.0,0.0,0.0,0.0,0.0,4.016491062836973,0.0,4.474801917754611,2.207,0.0
