,block
2050-01-10 00:00:00,0
2050-01-10 01:00:00,0
2050-01-10 02:00:00,0
2050-01-10 03:00:00,0
2050-01-10 04:00:00,0
2050-01-10 05:00:00,0
2050-01-10 06:00:00,0
2050-01-10 07:00:00,0
2050-01-10 08:00:00,0
2050-01-10 09:00:00,0
2050-01-10 10:00:00,0
2050-01-10 11:00:00,0
2050-01-10 12:00:00,0
2050-01-10 13:00:00,0
2050-01-10 14:00:00,0
2050-01-10 15:00:00,0
2050-01-10 16:00:00,0
2050-01-10 17:00:00,0
2050-01-10 18:00:00,0
2050-01-10 19:00:00,0
2050-01-10 20:00:00,0
2050-01-10 21:00:00,0
2050-01-10 22:00:00,0
2050-01-10 23:00:00,0
2050-01-11 00:00:00,0
2050-01-11 01:00:00,0
2050-01-11 02:00:00,0
2050-01-11 03:00:00,0
2050-01-11 04:00:00,0
2050-01-11 05:00:00,0
2050-01-11 06:00:00,0
2050-01-11 07:00:00,0
2050-01-11 08:00:00,0
2050-01-11 09:00:00,0
2050-01-11 10:00:00,0
2050-01-11 11:00:00,0
2050-01-11 12:00:00,0
2050-01-11 13:00:00,0
2050-01-11 14:00:00,0
2050-01-11 15:00:00,0
2050-01-11 16:00:00,0
2050-01-11 17:00:00,0
2050-01-11 18:00:00,0
2050-01-11 19:00:00,0
2050-01-11 20:00:00,0
2050-01-11 21:00:00,0
2050-01-11 22:00:00,0
2050-01-11 23:00:00,0
2050-02-22 00:00:00,peaknetramp1
2050-02-22 01:00:00,peaknetramp1
2050-02-22 02:00:00,peaknetramp1
2050-02-22 03:00:00,peaknetramp1
2050-02-22 04:00:00,peaknetramp1
2050-02-22 05:00:00,peaknetramp1
2050-02-22 06:00:00,peaknetramp1
2050-02-22 07:00:00,peaknetramp1
2050-02-22 08:00:00,peaknetramp1
2050-02-22 09:00:00,peaknetramp1
2050-02-22 10:00:00,peaknetramp1
2050-02-22 11:00:00,peaknetramp1
2050-02-22 12:00:00,peaknetramp1
2050-02-22 13:00:00,peaknetramp1
2050-02-22 14:00:00,peaknetramp1
2050-02-22 15:00:00,peaknetramp1
2050-02-22 16:00:00,peaknetramp1
2050-02-22 17:00:00,peaknetramp1
2050-02-22 18:00:00,peaknetramp1
2050-02-22 19:00:00,peaknetramp1
2050-02-22 20:00:00,peaknetramp1
2050-02-22 21:00:00,peaknetramp1
2050-02-22 22:00:00,peaknetramp1
2050-02-22 23:00:00,peaknetramp1
2050-02-23 00:00:00,peaknetramp1
2050-02-23 01:00:00,peaknetramp1
2050-02-23 02:00:00,peaknetramp1
2050-02-23 03:00:00,peaknetramp1
2050-02-23 04:00:00,peaknetramp1
2050-02-23 05:00:00,peaknetramp1
2050-02-23 06:00:00,peaknetramp1
2050-02-23 07:00:00,peaknetramp1
2050-02-23 08:00:00,peaknetramp1
2050-02-23 09:00:00,peaknetramp1
2050-02-23 10:00:00,peaknetramp1
2050-02-23 11:00:00,peaknetramp1
2050-02-23 12:00:00,peaknetramp1
2050-02-23 13:00:00,peaknetramp1
2050-02-23 14:00:00,peaknetramp1
2050-02-23 15:00:00,peaknetramp1
2050-02-23 16:00:00,peaknetramp1
2050-02-23 17:00:00,peaknetramp1
2050-02-23 18:00:00,peaknetramp1
2050-02-23 19:00:00,peaknetramp1
2050-02-23 20:00:00,peaknetramp1
2050-02-23 21:00:00,peaknetramp1
2050-02-23 22:00:00,peaknetramp1
2050-02-23 23:00:00,peaknetramp1
2050-02-24 00:00:00,peaknetramp1
2050-02-24 01:00:00,peaknetramp1
2050-02-24 02:00:00,peaknetramp1
2050-02-24 03:00:00,peaknetramp1
2050-02-24 04:00:00,peaknetramp1
2050-02-24 05:00:00,peaknetramp1
2050-02-24 06:00:00,peaknetramp1
2050-02-24 07:00:00,peaknetramp1
2050-02-24 08:00:00,peaknetramp1
2050-02-24 09:00:00,peaknetramp1
2050-02-24 10:00:00,peaknetramp1
2050-02-24 11:00:00,peaknetramp1
2050-02-24 12:00:00,peaknetramp1
2050-02-24 13:00:00,peaknetramp1
2050-02-24 14:00:00,peaknetramp1
2050-02-24 15:00:00,peaknetramp1
2050-02-24 16:00:00,peaknetramp1
2050-02-24 17:00:00,peaknetramp1
2050-02-24 18:00:00,peaknetramp1
2050-02-24 19:00:00,peaknetramp1
2050-02-24 20:00:00,peaknetramp1
2050-02-24 21:00:00,peaknetramp1
2050-02-24 22:00:00,peaknetramp1
2050-02-24 23:00:00,peaknetramp1
2050-06-19 00:00:00,2
2050-06-19 01:00:00,2
2050-06-19 02:00:00,2
2050-06-19 03:00:00,2
2050-06-19 04:00:00,2
2050-06-19 05:00:00,2
2050-06-19 06:00:00,2
2050-06-19 07:00:00,2
2050-06-19 08:00:00,2
2050-06-19 09:00:00,2
2050-06-19 10:00:00,2
2050-06-19 11:00:00,2
2050-06-19 12:00:00,2
2050-06-19 13:00:00,2
2050-06-19 14:00:00,2
2050-06-19 15:00:00,2
2050-06-19 16:00:00,2
2050-06-19 17:00:00,2
2050-06-19 18:00:00,2
2050-06-19 19:00:00,2
2050-06-19 20:00:00,2
2050-06-19 21:00:00,2
2050-06-19 22:00:00,2
2050-06-19 23:00:00,2
2050-06-20 00:00:00,2
2050-06-20 01:00:00,2
2050-06-20 02:00:00,2
2050-06-20 03:00:00,2
2050-06-20 04:00:00,2
2050-06-20 05:00:00,2
2050-06-20 06:00:00,2
2050-06-20 07:00:00,2
2050-06-20 08:00:00,2
2050-06-20 09:00:00,2
2050-06-20 10:00:00,2
2050-06-20 11:00:00,2
2050-06-20 12:00:00,2
2050-06-20 13:00:00,2
2050-06-20 14:00:00,2
2050-06-20 15:00:00,2
2050-06-20 16:00:00,2
2050-06-20 17:00:00,2
2050-06-20 18:00:00,2
2050-06-20 19:00:00,2
2050-06-20 20:00:00,2
2050-06-20 21:00:00,2
2050-06-20 22:00:00,2
2050-06-20 23:00:00,2
2050-06-26 00:00:00,peaktotal3
2050-06-26 01:00:00,peaktotal3
2050-06-26 02:00:00,peaktotal3
2050-06-26 03:00:00,peaktotal3
2050-06-26 04:00:00,peaktotal3
2050-06-26 05:00:00,peaktotal3
2050-06-26 06:00:00,peaktotal3
2050-06-26 07:00:00,peaktotal3
2050-06-26 08:00:00,peaktotal3
2050-06-26 09:00:00,peaktotal3
2050-06-26 10:00:00,peaktotal3
2050-06-26 11:00:00,peaktotal3
2050-06-26 12:00:00,peaktotal3
2050-06-26 13:00:00,peaktotal3
2050-06-26 14:00:00,peaktotal3
2050-06-26 15:00:00,peaktotal3
2050-06-26 16:00:00,peaktotal3
2050-06-26 17:00:00,peaktotal3
2050-06-26 18:00:00,peaktotal3
2050-06-26 19:00:00,peaktotal3
2050-06-26 20:00:00,peaktotal3
2050-06-26 21:00:00,peaktotal3
2050-06-26 22:00:00,peaktotal3
2050-06-26 23:00:00,peaktotal3
2050-06-27 00:00:00,peaktotal3
2050-06-27 01:00:00,peaktotal3
2050-06-27 02:00:00,peaktotal3
2050-06-27 03:00:00,peaktotal3
2050-06-27 04:00:00,peaktotal3
2050-06-27 05:00:00,peaktotal3
2050-06-27 06:00:00,peaktotal3
2050-06-27 07:00:00,peaktotal3
2050-06-27 08:00:00,peaktotal3
2050-06-27 09:00:00,peaktotal3
2050-06-27 10:00:00,peaktotal3
2050-06-27 11:00:00,peaktotal3
2050-06-27 12:00:00,peaktotal3
2050-06-27 13:00:00,peaktotal3
2050-06-27 14:00:00,peaktotal3
2050-06-27 15:00:00,peaktotal3
2050-06-27 16:00:00,peaktotal3
2050-06-27 17:00:00,peaktotal3
2050-06-27 18:00:00,peaktotal3
2050-06-27 19:00:00,peaktotal3
2050-06-27 20:00:00,peaktotal3
2050-06-27 21:00:00,peaktotal3
2050-06-27 22:00:00,peaktotal3
2050-06-27 23:00:00,peaktotal3
2050-06-28 00:00:00,peaktotal3
2050-06-28 01:00:00,peaktotal3
2050-06-28 02:00:00,peaktotal3
2050-06-28 03:00:00,peaktotal3
2050-06-28 04:00:00,peaktotal3
2050-06-28 05:00:00,peaktotal3
2050-06-28 06:00:00,peaktotal3
2050-06-28 07:00:00,peaktotal3
2050-06-28 08:00:00,peaktotal3
2050-06-28 09:00:00,peaktotal3
2050-06-28 10:00:00,peaktotal3
2050-06-28 11:00:00,peaktotal3
2050-06-28 12:00:00,peaktotal3
2050-06-28 13:00:00,peaktotal3
2050-06-28 14:00:00,peaktotal3
2050-06-28 15:00:00,peaktotal3
2050-06-28 16:00:00,peaktotal3
2050-06-28 17:00:00,peaktotal3
2050-06-28 18:00:00,peaktotal3
2050-06-28 19:00:00,peaktotal3
2050-06-28 20:00:00,peaktotal3
2050-06-28 21:00:00,peaktotal3
2050-06-28 22:00:00,peaktotal3
2050-06-28 23:00:00,peaktotal3
2050-07-17 00:00:00,4
2050-07-17 01:00:00,4
2050-07-17 02:00:00,4
2050-07-17 03:00:00,4
2050-07-17 04:00:00,4
2050-07-17 05:00:00,4
2050-07-17 06:00:00,4
2050-07-17 07:00:00,4
2050-07-17 08:00:00,4
2050-07-17 09:00:00,4
2050-07-17 10:00:00,4
2050-07-17 11:00:00,4
2050-07-17 12:00:00,4
2050-07-17 13:00:00,4
2050-07-17 14:00:00,4
2050-07-17 15:00:00,4
2050-07-17 16:00:00,4
2050-07-17 17:00:00,4
2050-07-17 18:00:00,4
2050-07-17 19:00:00,4
2050-07-17 20:00:00,4
2050-07-17 21:00:00,4
2050-07-17 22:00:00,4
2050-07-17 23:00:00,4
2050-07-18 00:00:00,4
2050-07-18 01:00:00,4
2050-07-18 02:00:00,4
2050-07-18 03:00:00,4
2050-07-18 04:00:00,4
2050-07-18 05:00:00,4
2050-07-18 06:00:00,4
2050-07-18 07:00:00,4
2050-07-18 08:00:00,4
2050-07-18 09:00:00,4
2050-07-18 10:00:00,4
2050-07-18 11:00:00,4
2050-07-18 12:00:00,4
2050-07-18 13:00:00,4
2050-07-18 14:00:00,4
2050-07-18 15:00:00,4
2050-07-18 16:00:00,4
2050-07-18 17:00:00,4
2050-07-18 18:00:00,4
2050-07-18 19:00:00,4
2050-07-18 20:00:00,4
2050-07-18 21:00:00,4
2050-07-18 22:00:00,4
2050-07-18 23:00:00,4
2050-09-06 00:00:00,peaknet5
2050-09-06 01:00:00,peaknet5
2050-09-06 02:00:00,peaknet5
2050-09-06 03:00:00,peaknet5
2050-09-06 04:00:00,peaknet5
2050-09-06 05:00:00,peaknet5
2050-09-06 06:00:00,peaknet5
2050-09-06 07:00:00,peaknet5
2050-09-06 08:00:00,peaknet5
2050-09-06 09:00:00,peaknet5
2050-09-06 10:00:00,peaknet5
2050-09-06 11:00:00,peaknet5
2050-09-06 12:00:00,peaknet5
2050-09-06 13:00:00,peaknet5
2050-09-06 14:00:00,peaknet5
2050-09-06 15:00:00,peaknet5
2050-09-06 16:00:00,peaknet5
2050-09-06 17:00:00,peaknet5
2050-09-06 18:00:00,peaknet5
2050-09-06 19:00:00,peaknet5
2050-09-06 20:00:00,peaknet5
2050-09-06 21:00:00,peaknet5
2050-09-06 22:00:00,peaknet5
2050-09-06 23:00:00,peaknet5
2050-09-07 00:00:00,peaknet5
2050-09-07 01:00:00,peaknet5
2050-09-07 02:00:00,peaknet5
2050-09-07 03:00:00,peaknet5
2050-09-07 04:00:00,peaknet5
2050-09-07 05:00:00,peaknet5
2050-09-07 06:00:00,peaknet5
2050-09-07 07:00:00,peaknet5
2050-09-07 08:00:00,peaknet5
2050-09-07 09:00:00,peaknet5
2050-09-07 10:00:00,peaknet5
2050-09-07 11:00:00,peaknet5
2050-09-07 12:00:00,peaknet5
2050-09-07 13:00:00,peaknet5
2050-09-07 14:00:00,peaknet5
2050-09-07 15:00:00,peaknet5
2050-09-07 16:00:00,peaknet5
2050-09-07 17:00:00,peaknet5
2050-09-07 18:00:00,peaknet5
2050-09-07 19:00:00,peaknet5
2050-09-07 20:00:00,peaknet5
2050-09-07 21:00:00,peaknet5
2050-09-07 22:00:00,peaknet5
2050-09-07 23:00:00,peaknet5
2050-09-08 00:00:00,peaknet5
2050-09-08 01:00:00,peaknet5
2050-09-08 02:00:00,peaknet5
2050-09-08 03:00:00,peaknet5
2050-09-08 04:00:00,peaknet5
2050-09-08 05:00:00,peaknet5
2050-09-08 06:00:00,peaknet5
2050-09-08 07:00:00,peaknet5
2050-09-08 08:00:00,peaknet5
2050-09-08 09:00:00,peaknet5
2050-09-08 10:00:00,peaknet5
2050-09-08 11:00:00,peaknet5
2050-09-08 12:00:00,peaknet5
2050-09-08 13:00:00,peaknet5
2050-09-08 14:00:00,peaknet5
2050-09-08 15:00:00,peaknet5
2050-09-08 16:00:00,peaknet5
2050-09-08 17:00:00,peaknet5
2050-09-08 18:00:00,peaknet5
2050-09-08 19:00:00,peaknet5
2050-09-08 20:00:00,peaknet5
2050-09-08 21:00:00,peaknet5
2050-09-08 22:00:00,peaknet5
2050-09-08 23:00:00,peaknet5
2050-10-21 00:00:00,6
2050-10-21 01:00:00,6
2050-10-21 02:00:00,6
2050-10-21 03:00:00,6
2050-10-21 04:00:00,6
2050-10-21 05:00:00,6
2050-10-21 06:00:00,6
2050-10-21 07:00:00,6
2050-10-21 08:00:00,6
2050-10-21 09:00:00,6
2050-10-21 10:00:00,6
2050-10-21 11:00:00,6
2050-10-21 12:00:00,6
2050-10-21 13:00:00,6
2050-10-21 14:00:00,6
2050-10-21 15:00:00,6
2050-10-21 16:00:00,6
2050-10-21 17:00:00,6
2050-10-21 18:00:00,6
2050-10-21 19:00:00,6
2050-10-21 20:00:00,6
2050-10-21 21:00:00,6
2050-10-21 22:00:00,6
2050-10-21 23:00:00,6
2050-10-22 00:00:00,6
2050-10-22 01:00:00,6
2050-10-22 02:00:00,6
2050-10-22 03:00:00,6
2050-10-22 04:00:00,6
2050-10-22 05:00:00,6
2050-10-22 06:00:00,6
2050-10-22 07:00:00,6
2050-10-22 08:00:00,6
2050-10-22 09:00:00,6
2050-10-22 10:00:00,6
2050-10-22 11:00:00,6
2050-10-22 12:00:00,6
2050-10-22 13:00:00,6
2050-10-22 14:00:00,6
2050-10-22 15:00:00,6
2050-10-22 16:00:00,6
2050-10-22 17:00:00,6
2050-10-22 18:00:00,6
2050-10-22 19:00:00,6
2050-10-22 20:00:00,6
2050-10-22 21:00:00,6
2050-10-22 22:00:00,6
2050-10-22 23:00:00,6
